Workbook

Sheet Worksheet
A1: ID | B1: Naam | C1: Voornaam | E1: Geslacht | F1: Geboortedatum | G1: Straat | H1: Huisnummer | I1: Busnummer | J1: Postcode | K1: Gemeente | L1: Land | M1: Nationaliteit | N1: Beroep | O1: E-mail 1 type | P1: E-mail 1 | Q1: E-mail 2 type | R1: E-mail 2 | S1: E-mail 3 type | T1: E-mail 3 | U1: Mobiel 1 type | V1: Mobiel 1 | W1: Mobiel 2 type | X1: Mobiel 2 | Y1: Mobiel 3 type | Z1: Mobiel 3 | AA1: Telefoon | AB1: Rekeningnummer | AC1: Rijksregisternummer | AD1: Rugnummer | AE1: Profielfoto | AF1: Relation ID invoicing (Export / Octopus) | AG1: Lidnummer Basket Vlaanderen | AH1: Club name | AI1: Club function | AJ1: 2026-2027 | AK1: 2026-2027 Functie | AL1: Committee
A2: 5559997 | B2: Adam | C2: Koen | D2: nl | E2: M | F2: 07/05/1978 | G2: Braambrugstraat | H2: 26 | J2: 9700 | K2: Oudenaarde | L2: Belgium | M2: BE | O2: Persoonlijk | P2: koenadam78@gmail.com | AF2: 1005559997
A3: 2182441 | B3: Adam | C3: Lily | D3: nl | E3: F | F3: 07/05/2010 | G3: Braambrugstraat | H3: 26 | Q3: Vader | R3: Koenadam78@gmail.com | S3: Moeder | T3: Freya.spiessens@gmail.com | V3: 0476837352 | W3: Dochter | X3: 0456558867 | Y3: Vader | Z3: 0456558867 | AC3: 10.05.07-190.68 | AE3: https://app.twizzit.com/public/photos/2182441/s/eec7946e1a9e80461f26752840c4aedc7d235bab.jpeg | AF3: 1002182441 | AG3: 728412 | AJ3: DSE A Haantjes Certifisc Oudenaarde | AK3: Speler | AL3: Clubrefs (Clubref)
A4: 2182441 | B4: Adam | C4: Lily | D4: nl | E4: F | F4: 07/05/2010 | G4: Braambrugstraat | H4: 26 | Q4: Vader | R4: Koenadam78@gmail.com | S4: Moeder | T4: Freya.spiessens@gmail.com | V4: 0476837352 | W4: Dochter | X4: 0456558867 | Y4: Vader | Z4: 0456558867 | AC4: 10.05.07-190.68 | AE4: https://app.twizzit.com/public/photos/2182441/s/eec7946e1a9e80461f26752840c4aedc7d235bab.jpeg | AF4: 1002182441 | AG4: 728412 | AJ4: Zomerstage 2026 (Blankenberge) | AK4: Speler | AL4: Clubrefs (Clubref)
A5: 2182441 | B5: Adam | C5: Lily | D5: nl | E5: F | F5: 07/05/2010 | G5: Braambrugstraat | H5: 26 | Q5: Vader | R5: Koenadam78@gmail.com | S5: Moeder | T5: Freya.spiessens@gmail.com | V5: 0476837352 | W5: Dochter | X5: 0456558867 | Y5: Vader | Z5: 0456558867 | AC5: 10.05.07-190.68 | AE5: https://app.twizzit.com/public/photos/2182441/s/eec7946e1a9e80461f26752840c4aedc7d235bab.jpeg | AF5: 1002182441 | AG5: 728412 | AJ5: Trainerspoule | AK5: Coach | AL5: Clubrefs (Clubref)
A6: 5577896 | B6: Alia | C6: Enida | D6: nl | E6: F | F6: 22/05/2017 | G6: Broekstraat | H6: 133 | R6: elidona.eni@gmail.com | V6: 00499284650 | X6: 0 | Z6: 0 | AA6: 0 | AF6: 1005577896
A7: 2650601 | B7: Alia | C7: Kledion | D7: nl | E7: M | F7: 23/09/2013 | G7: Broekstraat | H7: 133 | U7: Vader | V7: 32499284650 | AE7: https://app.twizzit.com/public/photos/2650601/s/f885f644ea63bcfe0579c08cf537df8dcbb43ecc.png | AF7: 1002650601 | AG7: 742334 | AJ7: G14 A Haantjes CERTIFISC Oudenaarde | AK7: Speler | AL7: Clubrefs (Clubref)
A8: 5511777 | B8: Altruy | C8: Kors | D8: nl | E8: M | F8: 19/07/2014 | G8: Markettestraat | H8: 3 | Q8: Vader | R8: David.altruy@outlook.be | V8: 0479873979 | W8: Vader | X8: 32475950308 | AC8: 14.07.19-211.76 | AF8: 1005511777 | AJ8: G14 B Haantjes CERTIFISC Oudenaarde | AK8: Speler
A9: 4499004 | B9: Altruy | C9: Lenn | D9: nl | E9: M | F9: 27/02/2017 | G9: Markettestraat | H9: 3 | Q9: Vader | R9: David.altruy@outlook.be | U9: Moeder | V9: 0479873979 | W9: Vader | X9: 32475950308 | AC9: 11.07.27-323.43 | AF9: 1004499004 | AJ9: Zomerstage 2026 U10 & U12 (Oudenaarde) | AK9: Speler
A10: 4499004 | B10: Altruy | C10: Lenn | D10: nl | E10: M | F10: 27/02/2017 | G10: Markettestraat | H10: 3 | Q10: Vader | R10: David.altruy@outlook.be | U10: Moeder | V10: 0479873979 | W10: Vader | X10: 32475950308 | AC10: 11.07.27-323.43 | AF10: 1004499004 | AJ10: G10 Geel HAANTJES CERTIFISC OUDENAARDE | AK10: Speler
A11: 5115343 | B11: Ameloot-Vanhove | C11: Isa | D11: nl | E11: F | F11: 22/02/2012 | G11: Baarstraat | H11: 52 | R11: sofie.ameloot@huurland.be | U11: Moeder | V11: 0483203613 | W11: Moeder | X11: 0478210216 | AE11: https://app.twizzit.com/public/photos/5115343/s/0e6908415a8d44c9a80019c8bc87b39596577cc5.jpeg | AF11: 1005115343 | AJ11: M16 A Haantjes CERTIFISC Oudenaarde | AK11: Speler
A12: 11272034 | B12: Anar | C12: Arsen | D12: nl | E12: M | F12: 04/05/2016 | G12: Ohiostraat | H12: 203 | V12: 0 | X12: 0 | Z12: 0 | AA12: 0 | AC12: 16.05.04-489.82 | AE12: https://app.twizzit.com/public/photos/11272034/s/339c8f61eeb207a0a7ef82edab3f88fc90d76b77.jpeg | AF12: 1011272034 | AJ12: G12 Blauw HAANTJES CERTIFISC OUDENAARDE | AK12: Speler
A13: 11272030 | B13: Anar | C13: Mark | D13: nl | E13: M | F13: 04/05/2016 | G13: Ohiostraat | H13: 203 | AA13: 32495316150 | AC13: 16.05.04-491.80 | AE13: https://app.twizzit.com/public/photos/11272030/s/d97169c55e4278dd5f5452138091d993430ca8ab.jpeg | AF13: 1011272030 | AJ13: G12 Blauw HAANTJES CERTIFISC OUDENAARDE | AK13: Speler
A14: 11272039 | B14: Anar | C14: Marsel | D14: nl | E14: M | F14: 04/05/2016 | G14: Ohiostraat | H14: 203 | V14: 0 | X14: 0 | Z14: 0 | AA14: 0 | AC14: 16.05.04-493.78 | AE14: https://app.twizzit.com/public/photos/11272039/s/667db68e153309a064042452d0f619e8acb011fa.jpeg | AF14: 1011272039 | AJ14: G12 Blauw HAANTJES CERTIFISC OUDENAARDE | AK14: Speler
A15: 2182451 | B15: Anseeuw | C15: Bent | D15: nl | E15: M | F15: 30/06/2010 | G15: Dorpsstraat | H15: 62 | Q15: Zoon | R15: bent.anseeuw@gmail.com | U15: Moeder | V15: 0497023380 | X15: 0459412728 | AD15: 10 | AE15: https://app.twizzit.com/public/photos/2182451/s/d40702514c4affc118f06eee4555b1ca966c4e65.png | AF15: 1002182451 | AG15: 713666 | AJ15: J18 B Haantjes CERTIFISC Oudenaarde | AK15: Speler | AL15: Clubrefs (Clubref)
A16: 2182451 | B16: Anseeuw | C16: Bent | D16: nl | E16: M | F16: 30/06/2010 | G16: Dorpsstraat | H16: 62 | Q16: Zoon | R16: bent.anseeuw@gmail.com | U16: Moeder | V16: 0497023380 | X16: 0459412728 | AD16: 10 | AE16: https://app.twizzit.com/public/photos/2182451/s/d40702514c4affc118f06eee4555b1ca966c4e65.png | AF16: 1002182451 | AG16: 713666 | AJ16: Zomerstage 2026 (Blankenberge) | AK16: Speler | AL16: Clubrefs (Clubref)
A17: 2182456 | B17: Anseeuw | C17: Mare | D17: nl | E17: F | F17: 17/02/2014 | G17: Dorpstraat | H17: 62 | R17: matthias.anseeuw@telenet.be | V17: 497023380 | AC17: 14.02.17-334.75 | AE17: https://app.twizzit.com/public/photos/2182456/s/112b54676bd1e925e699cce3ec7a25a94902a3a2.png | AF17: 1002182456 | AG17: 735071 | AJ17: Zomerstage 2026 (Blankenberge) | AK17: Speler
A18: 2182456 | B18: Anseeuw | C18: Mare | D18: nl | E18: F | F18: 17/02/2014 | G18: Dorpstraat | H18: 62 | R18: matthias.anseeuw@telenet.be | V18: 497023380 | AC18: 14.02.17-334.75 | AE18: https://app.twizzit.com/public/photos/2182456/s/112b54676bd1e925e699cce3ec7a25a94902a3a2.png | AF18: 1002182456 | AG18: 735071 | AJ18: M14 A Haantjes CERTIFISC Oudenaarde | AK18: Speler
A19: 4421954 | B19: Anseeuw | C19: Senn | D19: nl | E19: M | F19: 15/05/2018 | G19: Dorpstraat | H19: 62 | Q19: Vader | R19: matthias.anseeuw@telenet.be | V19: 0497023380 | AE19: https://app.twizzit.com/public/photos/4421954/s/39c1d6c08bc84b336f4c340a175719810e926066.png | AF19: 1004421954 | AJ19: G10 Blauw HAANTJES CERTIFISC OUDENAARDE | AK19: Speler
A20: 4421954 | B20: Anseeuw | C20: Senn | D20: nl | E20: M | F20: 15/05/2018 | G20: Dorpstraat | H20: 62 | Q20: Vader | R20: matthias.anseeuw@telenet.be | V20: 0497023380 | AE20: https://app.twizzit.com/public/photos/4421954/s/39c1d6c08bc84b336f4c340a175719810e926066.png | AF20: 1004421954 | AJ20: Zomerstage 2026 U10 & U12 (Oudenaarde) | AK20: Speler
A21: 2182461 | B21: Apostolescu | C21: Vlad Alexandru | D21: nl | E21: M | F21: 06/03/1996 | G21: Nieuwe Brugstraat | H21: 42 | U21: Persoonlijk | V21: 493100390 | AC21: 96.03.06-191.17 | AF21: 1002182461 | AG21: 622980
A22: 2650825 | B22: Arickx | C22: Joao | D22: nl | E22: M | F22: 13/04/2011 | G22: Nestor de Tièrestraat | H22: 124 | V22: 32489669827 | AC22: 11.04.13-143.46 | AF22: 1002650825 | AG22: 730038 | AJ22: J16 B Haantjes CERTIFISC Oudenaarde | AK22: Speler
A23: 2650780 | B23: Baert | C23: Jasper | D23: nl | E23: M | F23: 11/05/2012 | G23: Sneppestraat | H23: 35 | Q23: Vader | R23: baert_stijn@hotmail.com | U23: Moeder | V23: 486584984 | W23: Vader | X23: 473888092 | Y23: Persoonlijk | Z23: 32485376691 | AC23: 12.05.11-117.63 | AE23: https://app.twizzit.com/public/photos/2650780/s/77c3f1ac992ce48307c6c7ab431ab89e2bd37774.png | AF23: 1002650780 | AG23: 736579 | AJ23: J16 B Haantjes CERTIFISC Oudenaarde | AK23: Speler
A24: 6349669 | B24: Balcaen | C24: Christopher | D24: nl | E24: M | F24: 20/04/1995 | U24: Persoonlijk | V24: 0474072810 | AE24: https://app.twizzit.com/public/photos/6349669/s/f1a8e75d54553d15234adcd3add0a63b193557cd.png | AF24: 1006349669 | AG24: 608165
A25: 3472864 | B25: Bauters | C25: Bo | D25: nl | E25: F | F25: 01/09/2017 | G25: Ouwerkerkstraat | H25: 6 | Q25: Vader | R25: Jurgenbauters@gmail.com | V25: 0497533520 | AC25: 17.09.01-092.36 | AE25: https://app.twizzit.com/public/photos/3472864/s/02d5da48533f12868f14fb4b62a0634d769bf8a7.png | AF25: 1003472864 | AJ25: M10 HAANTJES CERTIFISC OUDENAARDE | AK25: Speler
A26: 2182476 | B26: Bauters | C26: Janna | D26: nl | E26: F | F26: 25/01/1994 | G26: Lindestraat | V26: 474344132 | AC26: 94.01.25-262.96 | AE26: https://app.twizzit.com/public/photos/2182476/s/d120dcfc0ec82f0d803829f917b4287681f3dd01.png | AF26: 1002182476 | AG26: 280371 | AJ26: DSE A Haantjes Certifisc Oudenaarde | AK26: Speler
A27: 2182476 | B27: Bauters | C27: Janna | D27: nl | E27: F | F27: 25/01/1994 | G27: Lindestraat | V27: 474344132 | AC27: 94.01.25-262.96 | AE27: https://app.twizzit.com/public/photos/2182476/s/d120dcfc0ec82f0d803829f917b4287681f3dd01.png | AF27: 1002182476 | AG27: 280371 | AJ27: M14 A Haantjes CERTIFISC Oudenaarde | AK27: Coach
A28: 11846410 | B28: Bauters | C28: Noa | D28: nl | E28: F | F28: 10/02/2015 | G28: Ouwerkerkstraat | H28: 6 | Q28: Vader | R28: Jurgenbauters@gmail.com | V28: 0497533520 | AC28: 15.02.10-126.29 | AE28: https://app.twizzit.com/public/photos/11846410/s/0498863fb0a62c783eced92596a817e3339dca11.jpeg | AF28: 1011846410 | AJ28: M12 A HAANTJES CERTIFISC OUDENAARDE | AK28: Speler
A29: 3498747 | B29: Bauters | C29: Rémi | D29: nl | E29: M | F29: 22/12/2008 | G29: Pontstraat | H29: 107 | U29: Moeder | V29: 0497078444 | AF29: 1003498747 | AJ29: J21 A HAANTJES CERTIFISC OUDENAARDE | AK29: Speler
A30: 3498747 | B30: Bauters | C30: Rémi | D30: nl | E30: M | F30: 22/12/2008 | G30: Pontstraat | H30: 107 | U30: Moeder | V30: 0497078444 | AF30: 1003498747 | AJ30: HSE B Haantjes Certifisc Oudenaarde | AK30: Speler
A31: 2182481 | B31: Bauwens | C31: Karine | D31: nl | E31: F | F31: 16/01/1974 | G31: Eekhoutstraat | H31: 13 | AF31: 1002182481
A32: 7329719 | B32: Beeckman | C32: Joppe | D32: nl | E32: M | F32: 26/03/2019 | G32: Vlinderstaat | H32: 10 | R32: ppoitiez@hotmail.com | V32: 0486440775 | AE32: https://app.twizzit.com/public/photos/7329719/s/3900de37cfdf557a3c2ce4dcb1b36ecfefd6df85.png | AF32: 1007329719 | AJ32: G08 Geel HAANTJES CERTIFISC OUDENAARDE | AK32: Speler
A33: 2182486 | B33: Beeckman | C33: Sara | D33: nl | E33: F | F33: 27/11/1981 | G33: Vlinderstraat | H33: 10 | AC33: 81.11.27-094.01 | AE33: https://app.twizzit.com/public/photos/2182486/s/756b8f4f4a0d0890e89db01537d432ba96a97666.png | AF33: 1002182486 | AG33: 721373
A34: 2182491 | B34: Beeckman | C34: Torre | D34: nl | E34: M | F34: 11/08/2011 | G34: Vlinderstaat | H34: 10 | V34: 486440775 | AC34: 11.08.11-227.50 | AE34: https://app.twizzit.com/public/photos/2182491/s/9cf26edd91096e59f19c665e2f0a4528adc17aa7.png | AF34: 1002182491 | AG34: 720212 | AJ34: J16 A Haantjes CERTIFISC Oudenaarde | AK34: Speler | AL34: Clubrefs (Clubref)
A35: 2182491 | B35: Beeckman | C35: Torre | D35: nl | E35: M | F35: 11/08/2011 | G35: Vlinderstaat | H35: 10 | V35: 486440775 | AC35: 11.08.11-227.50 | AE35: https://app.twizzit.com/public/photos/2182491/s/9cf26edd91096e59f19c665e2f0a4528adc17aa7.png | AF35: 1002182491 | AG35: 720212 | AL35: Clubrefs (Clubref)
A36: 3239983 | B36: Beirnaert | C36: Philippe | D36: nl | E36: M | G36: Galgestraat | H36: 86 | V36: 0497271228 | AC36: 63.07.11-337.26 | AF36: 1003239983 | AG36: 7328
A37: 2182501 | B37: Beke | C37: Vince | D37: nl | E37: M | F37: 01/10/2010 | G37: Opperije | H37: 95 | R37: wim.beke@telenet.be | V37: 0494534565 | AC37: 10.10.01-263.16 | AD37: 6 | AE37: https://app.twizzit.com/public/photos/2182501/s/ff9efabb61fd27d35070a050abd98c15c9bfe6c5.png | AF37: 1002182501 | AG37: 715506 | AJ37: J18 B Haantjes CERTIFISC Oudenaarde | AK37: Speler | AL37: Clubrefs (Clubref)
A38: 2182501 | B38: Beke | C38: Vince | D38: nl | E38: M | F38: 01/10/2010 | G38: Opperije | H38: 95 | R38: wim.beke@telenet.be | V38: 0494534565 | AC38: 10.10.01-263.16 | AD38: 6 | AE38: https://app.twizzit.com/public/photos/2182501/s/ff9efabb61fd27d35070a050abd98c15c9bfe6c5.png | AF38: 1002182501 | AG38: 715506 | AJ38: Zomerstage 2026 (Blankenberge) | AK38: Speler
A39: 2713992 | B39: Belien | C39: Elke | D39: nl | E39: F | F39: 06/11/1981 | G39: Koninging Elisabethlaan | H39: 18 | Q39: Partner | R39: dries.goossens@gmail.com | S39: Zoon | T39: slimmerik.briek@gmail.com | U39: Persoonlijk | V39: 320497948892 | W39: Partner | X39: 320478766076 | Y39: Zoon | Z39: 320495362023 | AB39: BE22979596098347 | AC39: 81.11.06-136.07 | AF39: 1002713992 | AG39: 742180 | AL39: Clubrefs (Clubref)
A40: 4080393 | B40: Benoot | C40: Quinten | D40: nl | E40: M | F40: 18/10/2010 | G40: Gentpoortstraat | H40: 66 | I40: 10 | Q40: Vader | R40: Benoothans20@gmail.com | S40: Zoon | T40: Quintenmaetha@gmail.com | U40: Zoon | V40: 0485287357 | W40: Vader | X40: 0472031844 | Y40: Persoonlijk | Z40: 0476900206 | AA40: 32485287357 | AD40: 15 | AE40: https://app.twizzit.com/public/photos/4080393/s/fc77b80b0f519cf2bcaae55fec7f11c92e5c4d9f.jpeg | AF40: 1004080393 | AG40: 753437 | AJ40: J18 B Haantjes CERTIFISC Oudenaarde | AK40: Speler | AL40: Clubrefs (Clubref)
A41: 4080393 | B41: Benoot | C41: Quinten | D41: nl | E41: M | F41: 18/10/2010 | G41: Gentpoortstraat | H41: 66 | I41: 10 | Q41: Vader | R41: Benoothans20@gmail.com | S41: Zoon | T41: Quintenmaetha@gmail.com | U41: Zoon | V41: 0485287357 | W41: Vader | X41: 0472031844 | Y41: Persoonlijk | Z41: 0476900206 | AA41: 32485287357 | AD41: 15 | AE41: https://app.twizzit.com/public/photos/4080393/s/fc77b80b0f519cf2bcaae55fec7f11c92e5c4d9f.jpeg | AF41: 1004080393 | AG41: 753437 | AL41: Clubrefs (Clubref)
A42: 2650778 | B42: Berkvens | C42: Emile | D42: nl | E42: M | F42: 28/08/2012 | G42: Beverestraat | H42: 12 | U42: Moeder | V42: 474613344 | AC42: 12.08.28-079.97 | AE42: https://app.twizzit.com/public/photos/2650778/s/15d2f475817dbbc2474d7d1a8b8b6a06ed3f6c72.png | AF42: 1002650778 | AG42: 739383 | AJ42: J16 B Haantjes CERTIFISC Oudenaarde | AK42: Speler
A43: 3457909 | B43: Bessems | C43: Kas | D43: nl | E43: M | F43: 03/04/2008 | H43: Dorpsstraat | I43: 9 | Q43: Persoonlijk | R43: bessemskas@gmail.com | S43: Vader | T43: info@bessems.be | U43: Moeder | V43: 0475811935 | W43: Persoonlijk | X43: 0470059511 | Y43: Vader | Z43: 0497535913 | AF43: 1003457909 | AG43: 749953
A44: 2670021 | B44: Beutels | C44: Gust | D44: nl | E44: M | F44: 01/08/2007 | G44: Omgangstraat | H44: 24 | Q44: Zoon | R44: gbeutels07@gmail.com | AA44: 32468405740 | AF44: 1002670021 | AG44: 702949
A45: 3500953 | B45: Blancke | C45: Celeste | D45: nl | E45: F | F45: 27/05/2014 | G45: Wortegemstraat | H45: 76 | U45: Moeder | V45: 478385011 | W45: Vader | X45: 473412540 | AD45: 5 | AE45: https://app.twizzit.com/public/photos/3500953/s/601083ebf506787be01432d1e891039519c5d9b6.jpeg | AF45: 1003500953 | AG45: 749419 | AJ45: Zomerstage 2026 (Blankenberge) | AK45: Speler
A46: 3500953 | B46: Blancke | C46: Celeste | D46: nl | E46: F | F46: 27/05/2014 | G46: Wortegemstraat | H46: 76 | U46: Moeder | V46: 478385011 | W46: Vader | X46: 473412540 | AD46: 5 | AE46: https://app.twizzit.com/public/photos/3500953/s/601083ebf506787be01432d1e891039519c5d9b6.jpeg | AF46: 1003500953 | AG46: 749419 | AJ46: M14 A Haantjes CERTIFISC Oudenaarde | AK46: Speler
A47: 5568565 | B47: Blancke | C47: Merel | D47: nl | E47: F | F47: 13/07/2012 | G47: Wortegemstraat | H47: 76 | V47: 0478385011 | X47: 0473412540 | AC47: 12.07.13-050.84 | AD47: 5 | AE47: https://app.twizzit.com/public/photos/5568565/s/d285ba208d969f77d6c249fb61359c50c614e6ac.png | AF47: 1005568565 | AJ47: M16 A Haantjes CERTIFISC Oudenaarde | AK47: Speler
A48: 5568565 | B48: Blancke | C48: Merel | D48: nl | E48: F | F48: 13/07/2012 | G48: Wortegemstraat | H48: 76 | V48: 0478385011 | X48: 0473412540 | AC48: 12.07.13-050.84 | AD48: 5 | AE48: https://app.twizzit.com/public/photos/5568565/s/d285ba208d969f77d6c249fb61359c50c614e6ac.png | AF48: 1005568565 | AJ48: Zomerstage 2026 (Blankenberge) | AK48: Speler
A49: 7328384 | B49: Blommaert | C49: Vic | D49: nl | E49: M | F49: 07/01/2018 | G49: Zottegemstraat | H49: 47 | Q49: Vader | R49: jeroen.blommaert@gmail.com | U49: Moeder | V49: 0477059912 | W49: Vader | X49: 0470067360 | AE49: https://app.twizzit.com/public/photos/7328384/s/880c055e18cd3fa9e57719da7306434e04eaf905.png | AF49: 1007328384 | AJ49: G10 Geel HAANTJES CERTIFISC OUDENAARDE | AK49: Speler
A50: 11912350 | B50: Blondeel | C50: Bart | D50: nl | E50: M | F50: 31/05/1961 | U50: Persoonlijk | V50: 0473373966 | AF50: 1011912350
A51: 2650830 | B51: Bogaert | C51: Matti | D51: nl | E51: M | F51: 02/07/2009 | G51: Reytstraat | H51: 57 | Q51: Vader | R51: mboogie800@hotmail.com | U51: Moeder | V51: 0478427271 | W51: Vader | X51: 0476983853 | Y51: Persoonlijk | Z51: 0465007097 | AC51: 09.07.02-373.28 | AF51: 1002650830 | AG51: 737616 | AJ51: J18 A Haantjes CERTIFISC Oudenaarde | AK51: Speler | AL51: Clubrefs (Clubref)
A52: 2650830 | B52: Bogaert | C52: Matti | D52: nl | E52: M | F52: 02/07/2009 | G52: Reytstraat | H52: 57 | Q52: Vader | R52: mboogie800@hotmail.com | U52: Moeder | V52: 0478427271 | W52: Vader | X52: 0476983853 | Y52: Persoonlijk | Z52: 0465007097 | AC52: 09.07.02-373.28 | AF52: 1002650830 | AG52: 737616 | AJ52: HSE B Haantjes Certifisc Oudenaarde | AK52: Speler
A53: 9328155 | B53: Boonaert | C53: Maurice | D53: nl | E53: M | F53: 08/02/2020 | G53: Bloemenhof | H53: 38 | Q53: Vader | R53: reggyboonaert@outlook.be | V53: 0478731137 | AC53: 20.02.08-143.80 | AF53: 1009328155 | AJ53: G08 Groen HAANTJES CERTIFISC OUDENAARDE | AK53: Speler
A54: 9328155 | B54: Boonaert | C54: Maurice | D54: nl | E54: M | F54: 08/02/2020 | G54: Bloemenhof | H54: 38 | Q54: Vader | R54: reggyboonaert@outlook.be | V54: 0478731137 | AC54: 20.02.08-143.80 | AF54: 1009328155 | AJ54: Zomerstage 2026 U8 (Oudenaarde) | AK54: Speler
A55: 9358677 | B55: Boone | C55: Leon | D55: nl | E55: M | F55: 16/11/2019 | G55: Ouwerkerkstraat | H55: 20 | Q55: Vader | R55: dieter.boone@telenet.be | V55: 0496024078 | X55: 0496814231 | AF55: 1009358677 | AJ55: G08 Geel HAANTJES CERTIFISC OUDENAARDE | AK55: Speler
A56: 3463932 | B56: Bothuyne | C56: Charles | D56: nl | E56: M | F56: 03/05/2018 | G56: Gentstraat | H56: 201 | U56: Moeder | V56: 32474611521 | X56: 0 | Z56: 0 | AA56: 0 | AF56: 1003463932
A57: 2182506 | B57: Boudringhien | C57: Mauro | D57: nl | E57: M | F57: 14/12/2007 | G57: Waterhoek | H57: 12 | AC57: 07.12.14-371.51 | AF57: 1002182506 | AG57: 732761 | AL57: Clubrefs (Clubref)
A58: 2182511 | B58: Boullart | C58: Luca | D58: nl | E58: F | F58: 23/03/2012 | G58: Riedekens | H58: 93 | Q58: Moeder | R58: maggy.hombecq@hotmail.com | V58: 0475558448 | AC58: 12.03.23-018.79 | AF58: 1002182511 | AG58: 733968 | AJ58: M16 A Haantjes CERTIFISC Oudenaarde | AK58: Speler
A59: 2182511 | B59: Boullart | C59: Luca | D59: nl | E59: F | F59: 23/03/2012 | G59: Riedekens | H59: 93 | Q59: Moeder | R59: maggy.hombecq@hotmail.com | V59: 0475558448 | AC59: 12.03.23-018.79 | AF59: 1002182511 | AG59: 733968 | AJ59: Zomerstage 2026 (Blankenberge) | AK59: Speler
A60: 2182516 | B60: Bourdeaud'hui | C60: Marie | D60: nl | E60: F | F60: 12/02/2008 | G60: Gentstraat | H60: 111 | U60: Vader | V60: 32572791 | W60: Moeder | X60: 0477294347 | AD60: 12 | AE60: https://app.twizzit.com/public/photos/2182516/s/0d7291570c9e5cf142cd892c8fd7ace8c517270a.png | AF60: 1002182516 | AG60: 714083 | AJ60: DSE A Haantjes Certifisc Oudenaarde | AK60: Speler
A61: 2182516 | B61: Bourdeaud'hui | C61: Marie | D61: nl | E61: F | F61: 12/02/2008 | G61: Gentstraat | H61: 111 | U61: Vader | V61: 32572791 | W61: Moeder | X61: 0477294347 | AD61: 12 | AE61: https://app.twizzit.com/public/photos/2182516/s/0d7291570c9e5cf142cd892c8fd7ace8c517270a.png | AF61: 1002182516 | AG61: 714083 | AJ61: Zomerstage 2026 (Blankenberge) | AK61: Speler
A62: 2182516 | B62: Bourdeaud'hui | C62: Marie | D62: nl | E62: F | F62: 12/02/2008 | G62: Gentstraat | H62: 111 | U62: Vader | V62: 32572791 | W62: Moeder | X62: 0477294347 | AD62: 12 | AE62: https://app.twizzit.com/public/photos/2182516/s/0d7291570c9e5cf142cd892c8fd7ace8c517270a.png | AF62: 1002182516 | AG62: 714083 | AJ62: M19 A Haantjes CERTIFISC Oudenaarde | AK62: Speler
A63: 11278079 | B63: Bourgeois | C63: Liam | D63: nl | E63: M | F63: 18/07/2010 | U63: Persoonlijk | V63: 0471543824 | W63: Vader | X63: 0471878061 | Y63: Moeder | Z63: 0499348535 | AC63: 10.07.18-115.21 | AF63: 1011278079 | AJ63: J18 B Haantjes CERTIFISC Oudenaarde | AK63: Speler
A64: 2713996 | B64: Boutmans | C64: Beauregard | D64: nl | E64: M | F64: 04/11/1980 | G64: Broekstraat | H64: 178 | V64: 0 | X64: 0 | Z64: 0 | AA64: 0 | AC64: 80.11.04-403.70 | AF64: 1002713996
A65: 2182521 | B65: Boutmans | C65: Kobe | D65: nl | E65: M | F65: 31/03/2009 | G65: Broekstraat | H65: 178 | V65: 0479888902 | AC65: 09.03.31-079.06 | AF65: 1002182521 | AG65: 731700 | AJ65: J18 B Haantjes CERTIFISC Oudenaarde | AK65: Speler | AL65: Clubrefs (Clubref)
A66: 4361683 | B66: Bracke | C66: Kaatje | D66: nl | E66: F | F66: 05/07/1991 | G66: Smalle Heerweg | H66: 110 | V66: 0 | X66: 0 | Z66: 0 | AA66: 0 | AC66: 91.07.05-386.66 | AF66: 1004361683 | AG66: 236495
A67: 4196364 | B67: Bracke | C67: Mathieu | D67: nl | E67: M | F67: 03/08/1997 | G67: Begijnhoflaan | H67: 472 | U67: Persoonlijk | V67: 320470203327 | X67: 0 | Z67: 0 | AA67: 0 | AC67: 97.08.03-211.46 | AF67: 1004196364 | AG67: 606718
A68: 4454574 | B68: Braem | C68: Filiep | D68: nl | E68: M | F68: 08/10/1977 | G68: Riedekens | H68: 36 | Q68: Persoonlijk | V68: 0 | X68: 0 | Z68: 0 | AA68: 0 | AF68: 1004454574 | AG68: 757056
A69: 2182526 | B69: Braem | C69: Lise | D69: nl | E69: F | F69: 13/12/2008 | G69: Riedekens | H69: 36 | Q69: Vader | R69: braem.filiep@outlook.be | S69: Persoonlijk | T69: Braem.lise@gmail.com | AE69: https://app.twizzit.com/public/photos/2182526/s/a821912bbd87d29337fbfbb0be2e91298bc55869.jpeg | AF69: 1002182526 | AG69: 706640 | AJ69: Zomerstage 2026 (Blankenberge) | AK69: Speler | AL69: Clubrefs (Clubref)
A70: 2182526 | B70: Braem | C70: Lise | D70: nl | E70: F | F70: 13/12/2008 | G70: Riedekens | H70: 36 | Q70: Vader | R70: braem.filiep@outlook.be | S70: Persoonlijk | T70: Braem.lise@gmail.com | AE70: https://app.twizzit.com/public/photos/2182526/s/a821912bbd87d29337fbfbb0be2e91298bc55869.jpeg | AF70: 1002182526 | AG70: 706640 | AJ70: M19 A Haantjes CERTIFISC Oudenaarde | AK70: Speler
A71: 2182531 | B71: Bruyland | C71: Florean | D71: nl | E71: M | F71: 24/02/2011 | G71: Karel Martelstraat | H71: 71 | U71: Vader | V71: 0476263407 | AB71: BE34979152560490 | AC71: 11.02.24-051.85 | AE71: https://app.twizzit.com/public/photos/2182531/s/a96a35504a45f2aa6d5205a67f03e56978acf0e6.png | AF71: 1002182531 | AG71: 733505
A72: 4383077 | B72: Bruyneel | C72: Kobe | D72: nl | E72: M | F72: 11/05/2014 | G72: Corpusstraat | H72: 57 | Q72: Vader | R72: brambruyneel@gmail.com | U72: Moeder | V72: 0494037946 | W72: Vader | X72: 0477986896 | AF72: 1004383077 | AG72: 758520
A73: 10769910 | B73: Buadee | C73: Aishatu Lieve | D73: nl | E73: F | F73: 08/01/1991 | G73: Brielstraat | H73: 13 | U73: Persoonlijk | V73: 0496745543 | AC73: 91.01.08-442.72 | AF73: 1010769910 | AJ73: DSE A Haantjes Certifisc Oudenaarde | AK73: Speler
A74: 5579116 | B74: Buckens | C74: Eva | D74: nl | E74: F | V74: 0 | X74: 0 | Z74: 0 | AA74: 0 | AF74: 1005579116
A75: 7666112 | B75: Buda Meirlaen | C75: Matisse | D75: nl | E75: M | F75: 15/07/2014 | G75: Molenstraat | H75: 1 | U75: Moeder | V75: 0477658556 | W75: Vader | X75: 320474023778 | Y75: Persoonlijk | Z75: 320490467800 | AC75: 14.07.15-383.24 | AE75: https://app.twizzit.com/public/photos/7666112/s/28beee7a2b02560648d49ec2140a1cc079666b2a.png | AF75: 1007666112 | AJ75: G14 B Haantjes CERTIFISC Oudenaarde | AK75: Speler
A76: 9522539 | B76: Bufkens | C76: Dylann | D76: nl | E76: M | F76: 01/04/1998 | G76: Maagdenstraat | H76: 35 | U76: Persoonlijk | V76: 0493561486 | AB76: BE15 0638 0785 4330 | AC76: 98.04.01-245.65 | AF76: 1009522539 | AG76: 638804 | AJ76: J18 B Haantjes CERTIFISC Oudenaarde | AK76: Coach
A77: 9522539 | B77: Bufkens | C77: Dylann | D77: nl | E77: M | F77: 01/04/1998 | G77: Maagdenstraat | H77: 35 | U77: Persoonlijk | V77: 0493561486 | AB77: BE15 0638 0785 4330 | AC77: 98.04.01-245.65 | AF77: 1009522539 | AG77: 638804 | AJ77: HSE B Haantjes Certifisc Oudenaarde | AK77: Speler
A78: 9522527 | B78: Bufkens | C78: Liam | D78: nl | E78: M | F78: 23/12/2011 | G78: Oswald Ponettestraat | H78: 89 | Q78: Moeder | R78: vanbael_ijlie@hotmail.com | AF78: 1009522527 | AG78: 740183 | AJ78: J16 A Haantjes CERTIFISC Oudenaarde | AK78: Speler
A79: 2182536 | B79: Calewaert | C79: Iris | D79: nl | E79: F | F79: 19/07/1999 | G79: Nieuwstraat | H79: 90 | AC79: 99.07.19-376.18 | AF79: 1002182536 | AG79: 622248 | AJ79: DSE A Haantjes Certifisc Oudenaarde | AK79: Speler
A80: 2182536 | B80: Calewaert | C80: Iris | D80: nl | E80: F | F80: 19/07/1999 | G80: Nieuwstraat | H80: 90 | AC80: 99.07.19-376.18 | AF80: 1002182536 | AG80: 622248 | AJ80: M12 A HAANTJES CERTIFISC OUDENAARDE | AK80: Coach
A81: 7500746 | B81: Callens | C81: Louise | D81: nl | E81: F | F81: 29/05/2015 | G81: Meersestraat | H81: 80 | Q81: Vader | R81: koencallens@msn.com | U81: Moeder | V81: 0478885199 | AC81: 15.05.29-024.67 | AF81: 1007500746
A82: 2650656 | B82: Camua | C82: Gabriël | D82: nl | E82: M | F82: 03/07/2012 | G82: Muziekbosstraat | H82: 14 | V82: 475821346 | X82: 472114536 | Z82: 0 | AA82: 0 | AF82: 1002650656
A83: 2182541 | B83: Cardon | C83: Thomas | D83: nl | E83: M | F83: 22/03/2011 | G83: Opperije | H83: 9 | AC83: 11.03.22-043.63 | AE83: https://app.twizzit.com/public/photos/2182541/s/ad278a1858d3fc927675b6581e22f467523759f0.png | AF83: 1002182541 | AG83: 726667
A84: 2655001 | B84: Castelain | C84: Cézan | D84: nl | E84: F | F84: 18/12/2014 | G84: Fontaineweg | H84: 17 | V84: 0499418414 | AC84: 14.12.18-212.43 | AF84: 1002655001 | AG84: 739375
A85: 2182546 | B85: Castelain | C85: Feliz | D85: nl | E85: F | F85: 15/07/2013 | G85: Fontaineweg | H85: 17 | V85: 0499418414 | AC85: 13.07.15-272.17 | AE85: https://app.twizzit.com/public/photos/2182546/s/9bde50d70ec897c3545fc312ea9113a20df6bb57.jpeg | AF85: 1002182546 | AG85: 730457
A86: 4076852 | B86: Castelain | C86: Jonas | D86: nl | E86: M | F86: 03/10/1989 | G86: Berchemweg | H86: 32 | Q86: Werk | U86: Persoonlijk | V86: 32495228616 | AB86: BE71 0018 1921 2869 | AC86: 89.10.03-097.06 | AD86: 10 | AE86: https://app.twizzit.com/public/photos/4076852/s/61b60ceb37e0ad4e63ab95460de787c3e165b233.png | AF86: 1004076852 | AG86: 222444
A87: 3486565 | B87: Castelain | C87: Leon | D87: nl | E87: M | F87: 12/10/2018 | G87: Berchemweg | H87: 32 | U87: Vader | V87: 32495228616 | AC87: 18.10.12-033.84 | AD87: 10 | AE87: https://app.twizzit.com/public/photos/3486565/s/dbc5287e080bfa9acd16205b0ef6339800e0ffb6.png | AF87: 1003486565 | AG87: 762623 | AJ87: G10 Geel HAANTJES CERTIFISC OUDENAARDE | AK87: Speler
A88: 3486565 | B88: Castelain | C88: Leon | D88: nl | E88: M | F88: 12/10/2018 | G88: Berchemweg | H88: 32 | U88: Vader | V88: 32495228616 | AC88: 18.10.12-033.84 | AD88: 10 | AE88: https://app.twizzit.com/public/photos/3486565/s/dbc5287e080bfa9acd16205b0ef6339800e0ffb6.png | AF88: 1003486565 | AG88: 762623 | AJ88: Zomerstage 2026 U10 & U12 (Oudenaarde) | AK88: Speler
A89: 10452690 | B89: Castelain | C89: Odet | D89: nl | E89: F | F89: 15/02/2022 | G89: Berchemweg | H89: 32 | R89: evelyn.demesel@hotmail.be | V89: 32495228616 | AC89: 22.02.15-160.89 | AF89: 1010452690 | AJ89: Balschool U6 | AK89: Speler
A90: 5544335 | B90: Castelain | C90: Simon | D90: nl | E90: M | F90: 11/05/1970 | G90: Fontaineweg | H90: 17 | V90: 0 | X90: 0 | Z90: 0 | AA90: 0 | AC90: 70.05.11-123.82 | AF90: 1005544335 | AG90: 20587
A91: 6344187 | B91: Cattoir | C91: Bart | D91: nl | E91: M | F91: 17/11/1983 | G91: Veldstraat | H91: 25 | AC91: 83.11.17-027.22 | AF91: 1006344187 | AG91: 20854 | AJ91: DSE A Haantjes Certifisc Oudenaarde | AK91: Coach
A92: 6344189 | B92: Cattoir | C92: Jonah | D92: nl | E92: M | F92: 09/08/2011 | G92: Veldstraat | H92: 25 | AC92: 11.08.09-333.04 | AF92: 1006344189 | AJ92: G08 Geel HAANTJES CERTIFISC OUDENAARDE | AK92: Coach
A93: 6344189 | B93: Cattoir | C93: Jonah | D93: nl | E93: M | F93: 09/08/2011 | G93: Veldstraat | H93: 25 | AC93: 11.08.09-333.04 | AF93: 1006344189 | AJ93: J16 A Haantjes CERTIFISC Oudenaarde | AK93: Speler
A94: 6344189 | B94: Cattoir | C94: Jonah | D94: nl | E94: M | F94: 09/08/2011 | G94: Veldstraat | H94: 25 | AC94: 11.08.09-333.04 | AF94: 1006344189 | AJ94: Zomerstage 2026 (Blankenberge) | AK94: Speler
A95: 9522553 | B95: Cattoir | C95: Lasse | D95: nl | E95: M | F95: 24/07/2020 | G95: Veldstraat | H95: 25 | AC95: 20.07.24-083.83 | AE95: https://app.twizzit.com/public/photos/9522553/s/70d508b65eaba88af49f20bd545e119d36420c07.png | AF95: 1009522553 | AJ95: G08 Geel HAANTJES CERTIFISC OUDENAARDE | AK95: Speler
A96: 9522553 | B96: Cattoir | C96: Lasse | D96: nl | E96: M | F96: 24/07/2020 | G96: Veldstraat | H96: 25 | AC96: 20.07.24-083.83 | AE96: https://app.twizzit.com/public/photos/9522553/s/70d508b65eaba88af49f20bd545e119d36420c07.png | AF96: 1009522553 | AJ96: Zomerstage 2026 U8 (Oudenaarde) | AK96: Speler
A97: 4196373 | B97: Chaouch | C97: Ahmed | D97: nl | E97: M | F97: 04/05/1993 | G97: Oudenaardsestraat | H97: 174 | U97: Persoonlijk | V97: 320498674854 | X97: 0 | Z97: 0 | AA97: 0 | AC97: 93.05.04-415.95 | AF97: 1004196373 | AG97: 618749
A98: 6352973 | B98: Christiaens | C98: Luca | D98: nl | E98: M | F98: 27/11/2009 | G98: Karel Martelstraat | H98: 40 | Q98: Vader | R98: Christiaens.jan@skynet.be | U98: Moeder | V98: 32486926070 | W98: Vader | X98: 32475832685 | AC98: 09.11.27-341.17 | AD98: 4 | AE98: https://app.twizzit.com/public/photos/6352973/s/e9e52d61f1e32c98f69949c0179e81da5763fe5f.png | AF98: 1006352973 | AG98: 736728 | AL98: Clubrefs (Clubref)
A99: 6169424 | B99: Claes | C99: Arne | D99: nl | E99: M | F99: 26/08/2002 | G99: Verbingdingsstraat | H99: 51 | AC99: 02.08.26-317.97 | AF99: 1006169424 | AG99: 652122
A100: 2182551 | B100: Cokelaere | C100: Alice | D100: nl | E100: F | F100: 04/06/2008 | G100: Broekstraat | H100: 104 | R100: sofie.pattyn@telenet.be | V100: 0477681738 | AC100: 08.06.04-074.45 | AF100: 1002182551 | AG100: 669074 | AJ100: DSE A Haantjes Certifisc Oudenaarde | AK100: Speler
...

Sheet Speler-Coach
A1: Naam | B1: Email | C1: Mobiel | D1: Profielfoto | E1: Lidnummer | F1: 2026-2027 | G1: Functie
A2: {=_xlfn._xlws.FILTER(J2:P743,(P2:P743="Speler")+(P2:P743="Coach"))} -> Lily Adam | B2: Koenadam78@gmail.com | C2: 0476837352 | D2: https://app.twizzit.com/public/photos/2182441/s/eec7946e1a9e80461f26752840c4aedc7d235bab.jpeg | E2: 728412 | F2: DSE A Haantjes Certifisc Oudenaarde | G2: Speler | J2: =Worksheet!C2&" "&Worksheet!B2 -> Koen Adam | K2: =IF(Worksheet!P2<>"",Worksheet!P2,IF(Worksheet!R2<>"",Worksheet!R2,IF(Worksheet!T2<>"",Worksheet!T2,""))) -> koenadam78@gmail.com | L2: =IF(AND(Worksheet!V2<>"",Worksheet!V2<>0),Worksheet!V2&"",IF(AND(Worksheet!X2<>"",Worksheet!X2<>0),Worksheet!X2&"",IF(AND(Worksheet!Z2<>"",Worksheet!Z2<>0),Worksheet!Z2&"",""))) | M2: =IF(Worksheet!AE2="","",Worksheet!AE2) | N2: =IF(Worksheet!AG2="","",Worksheet!AG2) | O2: =IF(Worksheet!AJ2="","",Worksheet!AJ2) | P2: =IF(Worksheet!AK2="","",Worksheet!AK2)
A3: Lily Adam | B3: Koenadam78@gmail.com | C3: 0476837352 | D3: https://app.twizzit.com/public/photos/2182441/s/eec7946e1a9e80461f26752840c4aedc7d235bab.jpeg | E3: 728412 | F3: Zomerstage 2026 (Blankenberge) | G3: Speler | J3: =Worksheet!C3&" "&Worksheet!B3 -> Lily Adam | K3: =IF(Worksheet!P3<>"",Worksheet!P3,IF(Worksheet!R3<>"",Worksheet!R3,IF(Worksheet!T3<>"",Worksheet!T3,""))) -> Koenadam78@gmail.com | L3: =IF(AND(Worksheet!V3<>"",Worksheet!V3<>0),Worksheet!V3&"",IF(AND(Worksheet!X3<>"",Worksheet!X3<>0),Worksheet!X3&"",IF(AND(Worksheet!Z3<>"",Worksheet!Z3<>0),Worksheet!Z3&"",""))) -> 0476837352 | M3: =IF(Worksheet!AE3="","",Worksheet!AE3) -> https://app.twizzit.com/public/photos/2182441/s/eec7946e1a9e80461f26752840c4aedc7d235bab.jpeg | N3: =IF(Worksheet!AG3="","",Worksheet!AG3) -> 728412 | O3: =IF(Worksheet!AJ3="","",Worksheet!AJ3) -> DSE A Haantjes Certifisc Oudenaarde | P3: =IF(Worksheet!AK3="","",Worksheet!AK3) -> Speler
A4: Lily Adam | B4: Koenadam78@gmail.com | C4: 0476837352 | D4: https://app.twizzit.com/public/photos/2182441/s/eec7946e1a9e80461f26752840c4aedc7d235bab.jpeg | E4: 728412 | F4: Trainerspoule | G4: Coach | J4: =Worksheet!C4&" "&Worksheet!B4 -> Lily Adam | K4: =IF(Worksheet!P4<>"",Worksheet!P4,IF(Worksheet!R4<>"",Worksheet!R4,IF(Worksheet!T4<>"",Worksheet!T4,""))) -> Koenadam78@gmail.com | L4: =IF(AND(Worksheet!V4<>"",Worksheet!V4<>0),Worksheet!V4&"",IF(AND(Worksheet!X4<>"",Worksheet!X4<>0),Worksheet!X4&"",IF(AND(Worksheet!Z4<>"",Worksheet!Z4<>0),Worksheet!Z4&"",""))) -> 0476837352 | M4: =IF(Worksheet!AE4="","",Worksheet!AE4) -> https://app.twizzit.com/public/photos/2182441/s/eec7946e1a9e80461f26752840c4aedc7d235bab.jpeg | N4: =IF(Worksheet!AG4="","",Worksheet!AG4) -> 728412 | O4: =IF(Worksheet!AJ4="","",Worksheet!AJ4) -> Zomerstage 2026 (Blankenberge) | P4: =IF(Worksheet!AK4="","",Worksheet!AK4) -> Speler
A5: Kledion Alia | C5: 32499284650 | D5: https://app.twizzit.com/public/photos/2650601/s/f885f644ea63bcfe0579c08cf537df8dcbb43ecc.png | E5: 742334 | F5: G14 A Haantjes CERTIFISC Oudenaarde | G5: Speler | J5: =Worksheet!C5&" "&Worksheet!B5 -> Lily Adam | K5: =IF(Worksheet!P5<>"",Worksheet!P5,IF(Worksheet!R5<>"",Worksheet!R5,IF(Worksheet!T5<>"",Worksheet!T5,""))) -> Koenadam78@gmail.com | L5: =IF(AND(Worksheet!V5<>"",Worksheet!V5<>0),Worksheet!V5&"",IF(AND(Worksheet!X5<>"",Worksheet!X5<>0),Worksheet!X5&"",IF(AND(Worksheet!Z5<>"",Worksheet!Z5<>0),Worksheet!Z5&"",""))) -> 0476837352 | M5: =IF(Worksheet!AE5="","",Worksheet!AE5) -> https://app.twizzit.com/public/photos/2182441/s/eec7946e1a9e80461f26752840c4aedc7d235bab.jpeg | N5: =IF(Worksheet!AG5="","",Worksheet!AG5) -> 728412 | O5: =IF(Worksheet!AJ5="","",Worksheet!AJ5) -> Trainerspoule | P5: =IF(Worksheet!AK5="","",Worksheet!AK5) -> Coach
A6: Kors Altruy | B6: David.altruy@outlook.be | C6: 0479873979 | F6: G14 B Haantjes CERTIFISC Oudenaarde | G6: Speler | J6: =Worksheet!C6&" "&Worksheet!B6 -> Enida Alia | K6: =IF(Worksheet!P6<>"",Worksheet!P6,IF(Worksheet!R6<>"",Worksheet!R6,IF(Worksheet!T6<>"",Worksheet!T6,""))) -> elidona.eni@gmail.com | L6: =IF(AND(Worksheet!V6<>"",Worksheet!V6<>0),Worksheet!V6&"",IF(AND(Worksheet!X6<>"",Worksheet!X6<>0),Worksheet!X6&"",IF(AND(Worksheet!Z6<>"",Worksheet!Z6<>0),Worksheet!Z6&"",""))) -> 00499284650 | M6: =IF(Worksheet!AE6="","",Worksheet!AE6) | N6: =IF(Worksheet!AG6="","",Worksheet!AG6) | O6: =IF(Worksheet!AJ6="","",Worksheet!AJ6) | P6: =IF(Worksheet!AK6="","",Worksheet!AK6)
A7: Lenn Altruy | B7: David.altruy@outlook.be | C7: 0479873979 | F7: Zomerstage 2026 U10 & U12 (Oudenaarde) | G7: Speler | J7: =Worksheet!C7&" "&Worksheet!B7 -> Kledion Alia | K7: =IF(Worksheet!P7<>"",Worksheet!P7,IF(Worksheet!R7<>"",Worksheet!R7,IF(Worksheet!T7<>"",Worksheet!T7,""))) | L7: =IF(AND(Worksheet!V7<>"",Worksheet!V7<>0),Worksheet!V7&"",IF(AND(Worksheet!X7<>"",Worksheet!X7<>0),Worksheet!X7&"",IF(AND(Worksheet!Z7<>"",Worksheet!Z7<>0),Worksheet!Z7&"",""))) -> 32499284650 | M7: =IF(Worksheet!AE7="","",Worksheet!AE7) -> https://app.twizzit.com/public/photos/2650601/s/f885f644ea63bcfe0579c08cf537df8dcbb43ecc.png | N7: =IF(Worksheet!AG7="","",Worksheet!AG7) -> 742334 | O7: =IF(Worksheet!AJ7="","",Worksheet!AJ7) -> G14 A Haantjes CERTIFISC Oudenaarde | P7: =IF(Worksheet!AK7="","",Worksheet!AK7) -> Speler
A8: Lenn Altruy | B8: David.altruy@outlook.be | C8: 0479873979 | F8: G10 Geel HAANTJES CERTIFISC OUDENAARDE | G8: Speler | J8: =Worksheet!C8&" "&Worksheet!B8 -> Kors Altruy | K8: =IF(Worksheet!P8<>"",Worksheet!P8,IF(Worksheet!R8<>"",Worksheet!R8,IF(Worksheet!T8<>"",Worksheet!T8,""))) -> David.altruy@outlook.be | L8: =IF(AND(Worksheet!V8<>"",Worksheet!V8<>0),Worksheet!V8&"",IF(AND(Worksheet!X8<>"",Worksheet!X8<>0),Worksheet!X8&"",IF(AND(Worksheet!Z8<>"",Worksheet!Z8<>0),Worksheet!Z8&"",""))) -> 0479873979 | M8: =IF(Worksheet!AE8="","",Worksheet!AE8) | N8: =IF(Worksheet!AG8="","",Worksheet!AG8) | O8: =IF(Worksheet!AJ8="","",Worksheet!AJ8) -> G14 B Haantjes CERTIFISC Oudenaarde | P8: =IF(Worksheet!AK8="","",Worksheet!AK8) -> Speler
A9: Isa Ameloot-Vanhove | B9: sofie.ameloot@huurland.be | C9: 0483203613 | D9: https://app.twizzit.com/public/photos/5115343/s/0e6908415a8d44c9a80019c8bc87b39596577cc5.jpeg | F9: M16 A Haantjes CERTIFISC Oudenaarde | G9: Speler | J9: =Worksheet!C9&" "&Worksheet!B9 -> Lenn Altruy | K9: =IF(Worksheet!P9<>"",Worksheet!P9,IF(Worksheet!R9<>"",Worksheet!R9,IF(Worksheet!T9<>"",Worksheet!T9,""))) -> David.altruy@outlook.be | L9: =IF(AND(Worksheet!V9<>"",Worksheet!V9<>0),Worksheet!V9&"",IF(AND(Worksheet!X9<>"",Worksheet!X9<>0),Worksheet!X9&"",IF(AND(Worksheet!Z9<>"",Worksheet!Z9<>0),Worksheet!Z9&"",""))) -> 0479873979 | M9: =IF(Worksheet!AE9="","",Worksheet!AE9) | N9: =IF(Worksheet!AG9="","",Worksheet!AG9) | O9: =IF(Worksheet!AJ9="","",Worksheet!AJ9) -> Zomerstage 2026 U10 & U12 (Oudenaarde) | P9: =IF(Worksheet!AK9="","",Worksheet!AK9) -> Speler
A10: Arsen Anar | D10: https://app.twizzit.com/public/photos/11272034/s/339c8f61eeb207a0a7ef82edab3f88fc90d76b77.jpeg | F10: G12 Blauw HAANTJES CERTIFISC OUDENAARDE | G10: Speler | J10: =Worksheet!C10&" "&Worksheet!B10 -> Lenn Altruy | K10: =IF(Worksheet!P10<>"",Worksheet!P10,IF(Worksheet!R10<>"",Worksheet!R10,IF(Worksheet!T10<>"",Worksheet!T10,""))) -> David.altruy@outlook.be | L10: =IF(AND(Worksheet!V10<>"",Worksheet!V10<>0),Worksheet!V10&"",IF(AND(Worksheet!X10<>"",Worksheet!X10<>0),Worksheet!X10&"",IF(AND(Worksheet!Z10<>"",Worksheet!Z10<>0),Worksheet!Z10&"",""))) -> 0479873979 | M10: =IF(Worksheet!AE10="","",Worksheet!AE10) | N10: =IF(Worksheet!AG10="","",Worksheet!AG10) | O10: =IF(Worksheet!AJ10="","",Worksheet!AJ10) -> G10 Geel HAANTJES CERTIFISC OUDENAARDE | P10: =IF(Worksheet!AK10="","",Worksheet!AK10) -> Speler
A11: Mark Anar | D11: https://app.twizzit.com/public/photos/11272030/s/d97169c55e4278dd5f5452138091d993430ca8ab.jpeg | F11: G12 Blauw HAANTJES CERTIFISC OUDENAARDE | G11: Speler | J11: =Worksheet!C11&" "&Worksheet!B11 -> Isa Ameloot-Vanhove | K11: =IF(Worksheet!P11<>"",Worksheet!P11,IF(Worksheet!R11<>"",Worksheet!R11,IF(Worksheet!T11<>"",Worksheet!T11,""))) -> sofie.ameloot@huurland.be | L11: =IF(AND(Worksheet!V11<>"",Worksheet!V11<>0),Worksheet!V11&"",IF(AND(Worksheet!X11<>"",Worksheet!X11<>0),Worksheet!X11&"",IF(AND(Worksheet!Z11<>"",Worksheet!Z11<>0),Worksheet!Z11&"",""))) -> 0483203613 | M11: =IF(Worksheet!AE11="","",Worksheet!AE11) -> https://app.twizzit.com/public/photos/5115343/s/0e6908415a8d44c9a80019c8bc87b39596577cc5.jpeg | N11: =IF(Worksheet!AG11="","",Worksheet!AG11) | O11: =IF(Worksheet!AJ11="","",Worksheet!AJ11) -> M16 A Haantjes CERTIFISC Oudenaarde | P11: =IF(Worksheet!AK11="","",Worksheet!AK11) -> Speler
A12: Marsel Anar | D12: https://app.twizzit.com/public/photos/11272039/s/667db68e153309a064042452d0f619e8acb011fa.jpeg | F12: G12 Blauw HAANTJES CERTIFISC OUDENAARDE | G12: Speler | J12: =Worksheet!C12&" "&Worksheet!B12 -> Arsen Anar | K12: =IF(Worksheet!P12<>"",Worksheet!P12,IF(Worksheet!R12<>"",Worksheet!R12,IF(Worksheet!T12<>"",Worksheet!T12,""))) | L12: =IF(AND(Worksheet!V12<>"",Worksheet!V12<>0),Worksheet!V12&"",IF(AND(Worksheet!X12<>"",Worksheet!X12<>0),Worksheet!X12&"",IF(AND(Worksheet!Z12<>"",Worksheet!Z12<>0),Worksheet!Z12&"",""))) | M12: =IF(Worksheet!AE12="","",Worksheet!AE12) -> https://app.twizzit.com/public/photos/11272034/s/339c8f61eeb207a0a7ef82edab3f88fc90d76b77.jpeg | N12: =IF(Worksheet!AG12="","",Worksheet!AG12) | O12: =IF(Worksheet!AJ12="","",Worksheet!AJ12) -> G12 Blauw HAANTJES CERTIFISC OUDENAARDE | P12: =IF(Worksheet!AK12="","",Worksheet!AK12) -> Speler
A13: Bent Anseeuw | B13: bent.anseeuw@gmail.com | C13: 0497023380 | D13: https://app.twizzit.com/public/photos/2182451/s/d40702514c4affc118f06eee4555b1ca966c4e65.png | E13: 713666 | F13: J18 B Haantjes CERTIFISC Oudenaarde | G13: Speler | J13: =Worksheet!C13&" "&Worksheet!B13 -> Mark Anar | K13: =IF(Worksheet!P13<>"",Worksheet!P13,IF(Worksheet!R13<>"",Worksheet!R13,IF(Worksheet!T13<>"",Worksheet!T13,""))) | L13: =IF(AND(Worksheet!V13<>"",Worksheet!V13<>0),Worksheet!V13&"",IF(AND(Worksheet!X13<>"",Worksheet!X13<>0),Worksheet!X13&"",IF(AND(Worksheet!Z13<>"",Worksheet!Z13<>0),Worksheet!Z13&"",""))) | M13: =IF(Worksheet!AE13="","",Worksheet!AE13) -> https://app.twizzit.com/public/photos/11272030/s/d97169c55e4278dd5f5452138091d993430ca8ab.jpeg | N13: =IF(Worksheet!AG13="","",Worksheet!AG13) | O13: =IF(Worksheet!AJ13="","",Worksheet!AJ13) -> G12 Blauw HAANTJES CERTIFISC OUDENAARDE | P13: =IF(Worksheet!AK13="","",Worksheet!AK13) -> Speler
A14: Bent Anseeuw | B14: bent.anseeuw@gmail.com | C14: 0497023380 | D14: https://app.twizzit.com/public/photos/2182451/s/d40702514c4affc118f06eee4555b1ca966c4e65.png | E14: 713666 | F14: Zomerstage 2026 (Blankenberge) | G14: Speler | J14: =Worksheet!C14&" "&Worksheet!B14 -> Marsel Anar | K14: =IF(Worksheet!P14<>"",Worksheet!P14,IF(Worksheet!R14<>"",Worksheet!R14,IF(Worksheet!T14<>"",Worksheet!T14,""))) | L14: =IF(AND(Worksheet!V14<>"",Worksheet!V14<>0),Worksheet!V14&"",IF(AND(Worksheet!X14<>"",Worksheet!X14<>0),Worksheet!X14&"",IF(AND(Worksheet!Z14<>"",Worksheet!Z14<>0),Worksheet!Z14&"",""))) | M14: =IF(Worksheet!AE14="","",Worksheet!AE14) -> https://app.twizzit.com/public/photos/11272039/s/667db68e153309a064042452d0f619e8acb011fa.jpeg | N14: =IF(Worksheet!AG14="","",Worksheet!AG14) | O14: =IF(Worksheet!AJ14="","",Worksheet!AJ14) -> G12 Blauw HAANTJES CERTIFISC OUDENAARDE | P14: =IF(Worksheet!AK14="","",Worksheet!AK14) -> Speler
A15: Mare Anseeuw | B15: matthias.anseeuw@telenet.be | C15: 497023380 | D15: https://app.twizzit.com/public/photos/2182456/s/112b54676bd1e925e699cce3ec7a25a94902a3a2.png | E15: 735071 | F15: Zomerstage 2026 (Blankenberge) | G15: Speler | J15: =Worksheet!C15&" "&Worksheet!B15 -> Bent Anseeuw | K15: =IF(Worksheet!P15<>"",Worksheet!P15,IF(Worksheet!R15<>"",Worksheet!R15,IF(Worksheet!T15<>"",Worksheet!T15,""))) -> bent.anseeuw@gmail.com | L15: =IF(AND(Worksheet!V15<>"",Worksheet!V15<>0),Worksheet!V15&"",IF(AND(Worksheet!X15<>"",Worksheet!X15<>0),Worksheet!X15&"",IF(AND(Worksheet!Z15<>"",Worksheet!Z15<>0),Worksheet!Z15&"",""))) -> 0497023380 | M15: =IF(Worksheet!AE15="","",Worksheet!AE15) -> https://app.twizzit.com/public/photos/2182451/s/d40702514c4affc118f06eee4555b1ca966c4e65.png | N15: =IF(Worksheet!AG15="","",Worksheet!AG15) -> 713666 | O15: =IF(Worksheet!AJ15="","",Worksheet!AJ15) -> J18 B Haantjes CERTIFISC Oudenaarde | P15: =IF(Worksheet!AK15="","",Worksheet!AK15) -> Speler
A16: Mare Anseeuw | B16: matthias.anseeuw@telenet.be | C16: 497023380 | D16: https://app.twizzit.com/public/photos/2182456/s/112b54676bd1e925e699cce3ec7a25a94902a3a2.png | E16: 735071 | F16: M14 A Haantjes CERTIFISC Oudenaarde | G16: Speler | J16: =Worksheet!C16&" "&Worksheet!B16 -> Bent Anseeuw | K16: =IF(Worksheet!P16<>"",Worksheet!P16,IF(Worksheet!R16<>"",Worksheet!R16,IF(Worksheet!T16<>"",Worksheet!T16,""))) -> bent.anseeuw@gmail.com | L16: =IF(AND(Worksheet!V16<>"",Worksheet!V16<>0),Worksheet!V16&"",IF(AND(Worksheet!X16<>"",Worksheet!X16<>0),Worksheet!X16&"",IF(AND(Worksheet!Z16<>"",Worksheet!Z16<>0),Worksheet!Z16&"",""))) -> 0497023380 | M16: =IF(Worksheet!AE16="","",Worksheet!AE16) -> https://app.twizzit.com/public/photos/2182451/s/d40702514c4affc118f06eee4555b1ca966c4e65.png | N16: =IF(Worksheet!AG16="","",Worksheet!AG16) -> 713666 | O16: =IF(Worksheet!AJ16="","",Worksheet!AJ16) -> Zomerstage 2026 (Blankenberge) | P16: =IF(Worksheet!AK16="","",Worksheet!AK16) -> Speler
A17: Senn Anseeuw | B17: matthias.anseeuw@telenet.be | C17: 0497023380 | D17: https://app.twizzit.com/public/photos/4421954/s/39c1d6c08bc84b336f4c340a175719810e926066.png | F17: G10 Blauw HAANTJES CERTIFISC OUDENAARDE | G17: Speler | J17: =Worksheet!C17&" "&Worksheet!B17 -> Mare Anseeuw | K17: =IF(Worksheet!P17<>"",Worksheet!P17,IF(Worksheet!R17<>"",Worksheet!R17,IF(Worksheet!T17<>"",Worksheet!T17,""))) -> matthias.anseeuw@telenet.be | L17: =IF(AND(Worksheet!V17<>"",Worksheet!V17<>0),Worksheet!V17&"",IF(AND(Worksheet!X17<>"",Worksheet!X17<>0),Worksheet!X17&"",IF(AND(Worksheet!Z17<>"",Worksheet!Z17<>0),Worksheet!Z17&"",""))) -> 497023380 | M17: =IF(Worksheet!AE17="","",Worksheet!AE17) -> https://app.twizzit.com/public/photos/2182456/s/112b54676bd1e925e699cce3ec7a25a94902a3a2.png | N17: =IF(Worksheet!AG17="","",Worksheet!AG17) -> 735071 | O17: =IF(Worksheet!AJ17="","",Worksheet!AJ17) -> Zomerstage 2026 (Blankenberge) | P17: =IF(Worksheet!AK17="","",Worksheet!AK17) -> Speler
A18: Senn Anseeuw | B18: matthias.anseeuw@telenet.be | C18: 0497023380 | D18: https://app.twizzit.com/public/photos/4421954/s/39c1d6c08bc84b336f4c340a175719810e926066.png | F18: Zomerstage 2026 U10 & U12 (Oudenaarde) | G18: Speler | J18: =Worksheet!C18&" "&Worksheet!B18 -> Mare Anseeuw | K18: =IF(Worksheet!P18<>"",Worksheet!P18,IF(Worksheet!R18<>"",Worksheet!R18,IF(Worksheet!T18<>"",Worksheet!T18,""))) -> matthias.anseeuw@telenet.be | L18: =IF(AND(Worksheet!V18<>"",Worksheet!V18<>0),Worksheet!V18&"",IF(AND(Worksheet!X18<>"",Worksheet!X18<>0),Worksheet!X18&"",IF(AND(Worksheet!Z18<>"",Worksheet!Z18<>0),Worksheet!Z18&"",""))) -> 497023380 | M18: =IF(Worksheet!AE18="","",Worksheet!AE18) -> https://app.twizzit.com/public/photos/2182456/s/112b54676bd1e925e699cce3ec7a25a94902a3a2.png | N18: =IF(Worksheet!AG18="","",Worksheet!AG18) -> 735071 | O18: =IF(Worksheet!AJ18="","",Worksheet!AJ18) -> M14 A Haantjes CERTIFISC Oudenaarde | P18: =IF(Worksheet!AK18="","",Worksheet!AK18) -> Speler
A19: Joao Arickx | C19: 32489669827 | E19: 730038 | F19: J16 B Haantjes CERTIFISC Oudenaarde | G19: Speler | J19: =Worksheet!C19&" "&Worksheet!B19 -> Senn Anseeuw | K19: =IF(Worksheet!P19<>"",Worksheet!P19,IF(Worksheet!R19<>"",Worksheet!R19,IF(Worksheet!T19<>"",Worksheet!T19,""))) -> matthias.anseeuw@telenet.be | L19: =IF(AND(Worksheet!V19<>"",Worksheet!V19<>0),Worksheet!V19&"",IF(AND(Worksheet!X19<>"",Worksheet!X19<>0),Worksheet!X19&"",IF(AND(Worksheet!Z19<>"",Worksheet!Z19<>0),Worksheet!Z19&"",""))) -> 0497023380 | M19: =IF(Worksheet!AE19="","",Worksheet!AE19) -> https://app.twizzit.com/public/photos/4421954/s/39c1d6c08bc84b336f4c340a175719810e926066.png | N19: =IF(Worksheet!AG19="","",Worksheet!AG19) | O19: =IF(Worksheet!AJ19="","",Worksheet!AJ19) -> G10 Blauw HAANTJES CERTIFISC OUDENAARDE | P19: =IF(Worksheet!AK19="","",Worksheet!AK19) -> Speler
A20: Jasper Baert | B20: baert_stijn@hotmail.com | C20: 486584984 | D20: https://app.twizzit.com/public/photos/2650780/s/77c3f1ac992ce48307c6c7ab431ab89e2bd37774.png | E20: 736579 | F20: J16 B Haantjes CERTIFISC Oudenaarde | G20: Speler | J20: =Worksheet!C20&" "&Worksheet!B20 -> Senn Anseeuw | K20: =IF(Worksheet!P20<>"",Worksheet!P20,IF(Worksheet!R20<>"",Worksheet!R20,IF(Worksheet!T20<>"",Worksheet!T20,""))) -> matthias.anseeuw@telenet.be | L20: =IF(AND(Worksheet!V20<>"",Worksheet!V20<>0),Worksheet!V20&"",IF(AND(Worksheet!X20<>"",Worksheet!X20<>0),Worksheet!X20&"",IF(AND(Worksheet!Z20<>"",Worksheet!Z20<>0),Worksheet!Z20&"",""))) -> 0497023380 | M20: =IF(Worksheet!AE20="","",Worksheet!AE20) -> https://app.twizzit.com/public/photos/4421954/s/39c1d6c08bc84b336f4c340a175719810e926066.png | N20: =IF(Worksheet!AG20="","",Worksheet!AG20) | O20: =IF(Worksheet!AJ20="","",Worksheet!AJ20) -> Zomerstage 2026 U10 & U12 (Oudenaarde) | P20: =IF(Worksheet!AK20="","",Worksheet!AK20) -> Speler
A21: Bo Bauters | B21: Jurgenbauters@gmail.com | C21: 0497533520 | D21: https://app.twizzit.com/public/photos/3472864/s/02d5da48533f12868f14fb4b62a0634d769bf8a7.png | F21: M10 HAANTJES CERTIFISC OUDENAARDE | G21: Speler | J21: =Worksheet!C21&" "&Worksheet!B21 -> Vlad Alexandru Apostolescu | K21: =IF(Worksheet!P21<>"",Worksheet!P21,IF(Worksheet!R21<>"",Worksheet!R21,IF(Worksheet!T21<>"",Worksheet!T21,""))) | L21: =IF(AND(Worksheet!V21<>"",Worksheet!V21<>0),Worksheet!V21&"",IF(AND(Worksheet!X21<>"",Worksheet!X21<>0),Worksheet!X21&"",IF(AND(Worksheet!Z21<>"",Worksheet!Z21<>0),Worksheet!Z21&"",""))) -> 493100390 | M21: =IF(Worksheet!AE21="","",Worksheet!AE21) | N21: =IF(Worksheet!AG21="","",Worksheet!AG21) -> 622980 | O21: =IF(Worksheet!AJ21="","",Worksheet!AJ21) | P21: =IF(Worksheet!AK21="","",Worksheet!AK21)
A22: Janna Bauters | C22: 474344132 | D22: https://app.twizzit.com/public/photos/2182476/s/d120dcfc0ec82f0d803829f917b4287681f3dd01.png | E22: 280371 | F22: DSE A Haantjes Certifisc Oudenaarde | G22: Speler | J22: =Worksheet!C22&" "&Worksheet!B22 -> Joao Arickx | K22: =IF(Worksheet!P22<>"",Worksheet!P22,IF(Worksheet!R22<>"",Worksheet!R22,IF(Worksheet!T22<>"",Worksheet!T22,""))) | L22: =IF(AND(Worksheet!V22<>"",Worksheet!V22<>0),Worksheet!V22&"",IF(AND(Worksheet!X22<>"",Worksheet!X22<>0),Worksheet!X22&"",IF(AND(Worksheet!Z22<>"",Worksheet!Z22<>0),Worksheet!Z22&"",""))) -> 32489669827 | M22: =IF(Worksheet!AE22="","",Worksheet!AE22) | N22: =IF(Worksheet!AG22="","",Worksheet!AG22) -> 730038 | O22: =IF(Worksheet!AJ22="","",Worksheet!AJ22) -> J16 B Haantjes CERTIFISC Oudenaarde | P22: =IF(Worksheet!AK22="","",Worksheet!AK22) -> Speler
A23: Janna Bauters | C23: 474344132 | D23: https://app.twizzit.com/public/photos/2182476/s/d120dcfc0ec82f0d803829f917b4287681f3dd01.png | E23: 280371 | F23: M14 A Haantjes CERTIFISC Oudenaarde | G23: Coach | J23: =Worksheet!C23&" "&Worksheet!B23 -> Jasper Baert | K23: =IF(Worksheet!P23<>"",Worksheet!P23,IF(Worksheet!R23<>"",Worksheet!R23,IF(Worksheet!T23<>"",Worksheet!T23,""))) -> baert_stijn@hotmail.com | L23: =IF(AND(Worksheet!V23<>"",Worksheet!V23<>0),Worksheet!V23&"",IF(AND(Worksheet!X23<>"",Worksheet!X23<>0),Worksheet!X23&"",IF(AND(Worksheet!Z23<>"",Worksheet!Z23<>0),Worksheet!Z23&"",""))) -> 486584984 | M23: =IF(Worksheet!AE23="","",Worksheet!AE23) -> https://app.twizzit.com/public/photos/2650780/s/77c3f1ac992ce48307c6c7ab431ab89e2bd37774.png | N23: =IF(Worksheet!AG23="","",Worksheet!AG23) -> 736579 | O23: =IF(Worksheet!AJ23="","",Worksheet!AJ23) -> J16 B Haantjes CERTIFISC Oudenaarde | P23: =IF(Worksheet!AK23="","",Worksheet!AK23) -> Speler
A24: Noa Bauters | B24: Jurgenbauters@gmail.com | C24: 0497533520 | D24: https://app.twizzit.com/public/photos/11846410/s/0498863fb0a62c783eced92596a817e3339dca11.jpeg | F24: M12 A HAANTJES CERTIFISC OUDENAARDE | G24: Speler | J24: =Worksheet!C24&" "&Worksheet!B24 -> Christopher Balcaen | K24: =IF(Worksheet!P24<>"",Worksheet!P24,IF(Worksheet!R24<>"",Worksheet!R24,IF(Worksheet!T24<>"",Worksheet!T24,""))) | L24: =IF(AND(Worksheet!V24<>"",Worksheet!V24<>0),Worksheet!V24&"",IF(AND(Worksheet!X24<>"",Worksheet!X24<>0),Worksheet!X24&"",IF(AND(Worksheet!Z24<>"",Worksheet!Z24<>0),Worksheet!Z24&"",""))) -> 0474072810 | M24: =IF(Worksheet!AE24="","",Worksheet!AE24) -> https://app.twizzit.com/public/photos/6349669/s/f1a8e75d54553d15234adcd3add0a63b193557cd.png | N24: =IF(Worksheet!AG24="","",Worksheet!AG24) -> 608165 | O24: =IF(Worksheet!AJ24="","",Worksheet!AJ24) | P24: =IF(Worksheet!AK24="","",Worksheet!AK24)
A25: Rémi Bauters | C25: 0497078444 | F25: J21 A HAANTJES CERTIFISC OUDENAARDE | G25: Speler | J25: =Worksheet!C25&" "&Worksheet!B25 -> Bo Bauters | K25: =IF(Worksheet!P25<>"",Worksheet!P25,IF(Worksheet!R25<>"",Worksheet!R25,IF(Worksheet!T25<>"",Worksheet!T25,""))) -> Jurgenbauters@gmail.com | L25: =IF(AND(Worksheet!V25<>"",Worksheet!V25<>0),Worksheet!V25&"",IF(AND(Worksheet!X25<>"",Worksheet!X25<>0),Worksheet!X25&"",IF(AND(Worksheet!Z25<>"",Worksheet!Z25<>0),Worksheet!Z25&"",""))) -> 0497533520 | M25: =IF(Worksheet!AE25="","",Worksheet!AE25) -> https://app.twizzit.com/public/photos/3472864/s/02d5da48533f12868f14fb4b62a0634d769bf8a7.png | N25: =IF(Worksheet!AG25="","",Worksheet!AG25) | O25: =IF(Worksheet!AJ25="","",Worksheet!AJ25) -> M10 HAANTJES CERTIFISC OUDENAARDE | P25: =IF(Worksheet!AK25="","",Worksheet!AK25) -> Speler
A26: Rémi Bauters | C26: 0497078444 | F26: HSE B Haantjes Certifisc Oudenaarde | G26: Speler | J26: =Worksheet!C26&" "&Worksheet!B26 -> Janna Bauters | K26: =IF(Worksheet!P26<>"",Worksheet!P26,IF(Worksheet!R26<>"",Worksheet!R26,IF(Worksheet!T26<>"",Worksheet!T26,""))) | L26: =IF(AND(Worksheet!V26<>"",Worksheet!V26<>0),Worksheet!V26&"",IF(AND(Worksheet!X26<>"",Worksheet!X26<>0),Worksheet!X26&"",IF(AND(Worksheet!Z26<>"",Worksheet!Z26<>0),Worksheet!Z26&"",""))) -> 474344132 | M26: =IF(Worksheet!AE26="","",Worksheet!AE26) -> https://app.twizzit.com/public/photos/2182476/s/d120dcfc0ec82f0d803829f917b4287681f3dd01.png | N26: =IF(Worksheet!AG26="","",Worksheet!AG26) -> 280371 | O26: =IF(Worksheet!AJ26="","",Worksheet!AJ26) -> DSE A Haantjes Certifisc Oudenaarde | P26: =IF(Worksheet!AK26="","",Worksheet!AK26) -> Speler
A27: Joppe Beeckman | B27: ppoitiez@hotmail.com | C27: 0486440775 | D27: https://app.twizzit.com/public/photos/7329719/s/3900de37cfdf557a3c2ce4dcb1b36ecfefd6df85.png | F27: G08 Geel HAANTJES CERTIFISC OUDENAARDE | G27: Speler | J27: =Worksheet!C27&" "&Worksheet!B27 -> Janna Bauters | K27: =IF(Worksheet!P27<>"",Worksheet!P27,IF(Worksheet!R27<>"",Worksheet!R27,IF(Worksheet!T27<>"",Worksheet!T27,""))) | L27: =IF(AND(Worksheet!V27<>"",Worksheet!V27<>0),Worksheet!V27&"",IF(AND(Worksheet!X27<>"",Worksheet!X27<>0),Worksheet!X27&"",IF(AND(Worksheet!Z27<>"",Worksheet!Z27<>0),Worksheet!Z27&"",""))) -> 474344132 | M27: =IF(Worksheet!AE27="","",Worksheet!AE27) -> https://app.twizzit.com/public/photos/2182476/s/d120dcfc0ec82f0d803829f917b4287681f3dd01.png | N27: =IF(Worksheet!AG27="","",Worksheet!AG27) -> 280371 | O27: =IF(Worksheet!AJ27="","",Worksheet!AJ27) -> M14 A Haantjes CERTIFISC Oudenaarde | P27: =IF(Worksheet!AK27="","",Worksheet!AK27) -> Coach
A28: Torre Beeckman | C28: 486440775 | D28: https://app.twizzit.com/public/photos/2182491/s/9cf26edd91096e59f19c665e2f0a4528adc17aa7.png | E28: 720212 | F28: J16 A Haantjes CERTIFISC Oudenaarde | G28: Speler | J28: =Worksheet!C28&" "&Worksheet!B28 -> Noa Bauters | K28: =IF(Worksheet!P28<>"",Worksheet!P28,IF(Worksheet!R28<>"",Worksheet!R28,IF(Worksheet!T28<>"",Worksheet!T28,""))) -> Jurgenbauters@gmail.com | L28: =IF(AND(Worksheet!V28<>"",Worksheet!V28<>0),Worksheet!V28&"",IF(AND(Worksheet!X28<>"",Worksheet!X28<>0),Worksheet!X28&"",IF(AND(Worksheet!Z28<>"",Worksheet!Z28<>0),Worksheet!Z28&"",""))) -> 0497533520 | M28: =IF(Worksheet!AE28="","",Worksheet!AE28) -> https://app.twizzit.com/public/photos/11846410/s/0498863fb0a62c783eced92596a817e3339dca11.jpeg | N28: =IF(Worksheet!AG28="","",Worksheet!AG28) | O28: =IF(Worksheet!AJ28="","",Worksheet!AJ28) -> M12 A HAANTJES CERTIFISC OUDENAARDE | P28: =IF(Worksheet!AK28="","",Worksheet!AK28) -> Speler
A29: Vince Beke | B29: wim.beke@telenet.be | C29: 0494534565 | D29: https://app.twizzit.com/public/photos/2182501/s/ff9efabb61fd27d35070a050abd98c15c9bfe6c5.png | E29: 715506 | F29: J18 B Haantjes CERTIFISC Oudenaarde | G29: Speler | J29: =Worksheet!C29&" "&Worksheet!B29 -> Rémi Bauters | K29: =IF(Worksheet!P29<>"",Worksheet!P29,IF(Worksheet!R29<>"",Worksheet!R29,IF(Worksheet!T29<>"",Worksheet!T29,""))) | L29: =IF(AND(Worksheet!V29<>"",Worksheet!V29<>0),Worksheet!V29&"",IF(AND(Worksheet!X29<>"",Worksheet!X29<>0),Worksheet!X29&"",IF(AND(Worksheet!Z29<>"",Worksheet!Z29<>0),Worksheet!Z29&"",""))) -> 0497078444 | M29: =IF(Worksheet!AE29="","",Worksheet!AE29) | N29: =IF(Worksheet!AG29="","",Worksheet!AG29) | O29: =IF(Worksheet!AJ29="","",Worksheet!AJ29) -> J21 A HAANTJES CERTIFISC OUDENAARDE | P29: =IF(Worksheet!AK29="","",Worksheet!AK29) -> Speler
A30: Vince Beke | B30: wim.beke@telenet.be | C30: 0494534565 | D30: https://app.twizzit.com/public/photos/2182501/s/ff9efabb61fd27d35070a050abd98c15c9bfe6c5.png | E30: 715506 | F30: Zomerstage 2026 (Blankenberge) | G30: Speler | J30: =Worksheet!C30&" "&Worksheet!B30 -> Rémi Bauters | K30: =IF(Worksheet!P30<>"",Worksheet!P30,IF(Worksheet!R30<>"",Worksheet!R30,IF(Worksheet!T30<>"",Worksheet!T30,""))) | L30: =IF(AND(Worksheet!V30<>"",Worksheet!V30<>0),Worksheet!V30&"",IF(AND(Worksheet!X30<>"",Worksheet!X30<>0),Worksheet!X30&"",IF(AND(Worksheet!Z30<>"",Worksheet!Z30<>0),Worksheet!Z30&"",""))) -> 0497078444 | M30: =IF(Worksheet!AE30="","",Worksheet!AE30) | N30: =IF(Worksheet!AG30="","",Worksheet!AG30) | O30: =IF(Worksheet!AJ30="","",Worksheet!AJ30) -> HSE B Haantjes Certifisc Oudenaarde | P30: =IF(Worksheet!AK30="","",Worksheet!AK30) -> Speler
A31: Quinten Benoot | B31: Benoothans20@gmail.com | C31: 0485287357 | D31: https://app.twizzit.com/public/photos/4080393/s/fc77b80b0f519cf2bcaae55fec7f11c92e5c4d9f.jpeg | E31: 753437 | F31: J18 B Haantjes CERTIFISC Oudenaarde | G31: Speler | J31: =Worksheet!C31&" "&Worksheet!B31 -> Karine Bauwens | K31: =IF(Worksheet!P31<>"",Worksheet!P31,IF(Worksheet!R31<>"",Worksheet!R31,IF(Worksheet!T31<>"",Worksheet!T31,""))) | L31: =IF(AND(Worksheet!V31<>"",Worksheet!V31<>0),Worksheet!V31&"",IF(AND(Worksheet!X31<>"",Worksheet!X31<>0),Worksheet!X31&"",IF(AND(Worksheet!Z31<>"",Worksheet!Z31<>0),Worksheet!Z31&"",""))) | M31: =IF(Worksheet!AE31="","",Worksheet!AE31) | N31: =IF(Worksheet!AG31="","",Worksheet!AG31) | O31: =IF(Worksheet!AJ31="","",Worksheet!AJ31) | P31: =IF(Worksheet!AK31="","",Worksheet!AK31)
A32: Emile Berkvens | C32: 474613344 | D32: https://app.twizzit.com/public/photos/2650778/s/15d2f475817dbbc2474d7d1a8b8b6a06ed3f6c72.png | E32: 739383 | F32: J16 B Haantjes CERTIFISC Oudenaarde | G32: Speler | J32: =Worksheet!C32&" "&Worksheet!B32 -> Joppe Beeckman | K32: =IF(Worksheet!P32<>"",Worksheet!P32,IF(Worksheet!R32<>"",Worksheet!R32,IF(Worksheet!T32<>"",Worksheet!T32,""))) -> ppoitiez@hotmail.com | L32: =IF(AND(Worksheet!V32<>"",Worksheet!V32<>0),Worksheet!V32&"",IF(AND(Worksheet!X32<>"",Worksheet!X32<>0),Worksheet!X32&"",IF(AND(Worksheet!Z32<>"",Worksheet!Z32<>0),Worksheet!Z32&"",""))) -> 0486440775 | M32: =IF(Worksheet!AE32="","",Worksheet!AE32) -> https://app.twizzit.com/public/photos/7329719/s/3900de37cfdf557a3c2ce4dcb1b36ecfefd6df85.png | N32: =IF(Worksheet!AG32="","",Worksheet!AG32) | O32: =IF(Worksheet!AJ32="","",Worksheet!AJ32) -> G08 Geel HAANTJES CERTIFISC OUDENAARDE | P32: =IF(Worksheet!AK32="","",Worksheet!AK32) -> Speler
A33: Celeste Blancke | C33: 478385011 | D33: https://app.twizzit.com/public/photos/3500953/s/601083ebf506787be01432d1e891039519c5d9b6.jpeg | E33: 749419 | F33: Zomerstage 2026 (Blankenberge) | G33: Speler | J33: =Worksheet!C33&" "&Worksheet!B33 -> Sara Beeckman | K33: =IF(Worksheet!P33<>"",Worksheet!P33,IF(Worksheet!R33<>"",Worksheet!R33,IF(Worksheet!T33<>"",Worksheet!T33,""))) | L33: =IF(AND(Worksheet!V33<>"",Worksheet!V33<>0),Worksheet!V33&"",IF(AND(Worksheet!X33<>"",Worksheet!X33<>0),Worksheet!X33&"",IF(AND(Worksheet!Z33<>"",Worksheet!Z33<>0),Worksheet!Z33&"",""))) | M33: =IF(Worksheet!AE33="","",Worksheet!AE33) -> https://app.twizzit.com/public/photos/2182486/s/756b8f4f4a0d0890e89db01537d432ba96a97666.png | N33: =IF(Worksheet!AG33="","",Worksheet!AG33) -> 721373 | O33: =IF(Worksheet!AJ33="","",Worksheet!AJ33) | P33: =IF(Worksheet!AK33="","",Worksheet!AK33)
A34: Celeste Blancke | C34: 478385011 | D34: https://app.twizzit.com/public/photos/3500953/s/601083ebf506787be01432d1e891039519c5d9b6.jpeg | E34: 749419 | F34: M14 A Haantjes CERTIFISC Oudenaarde | G34: Speler | J34: =Worksheet!C34&" "&Worksheet!B34 -> Torre Beeckman | K34: =IF(Worksheet!P34<>"",Worksheet!P34,IF(Worksheet!R34<>"",Worksheet!R34,IF(Worksheet!T34<>"",Worksheet!T34,""))) | L34: =IF(AND(Worksheet!V34<>"",Worksheet!V34<>0),Worksheet!V34&"",IF(AND(Worksheet!X34<>"",Worksheet!X34<>0),Worksheet!X34&"",IF(AND(Worksheet!Z34<>"",Worksheet!Z34<>0),Worksheet!Z34&"",""))) -> 486440775 | M34: =IF(Worksheet!AE34="","",Worksheet!AE34) -> https://app.twizzit.com/public/photos/2182491/s/9cf26edd91096e59f19c665e2f0a4528adc17aa7.png | N34: =IF(Worksheet!AG34="","",Worksheet!AG34) -> 720212 | O34: =IF(Worksheet!AJ34="","",Worksheet!AJ34) -> J16 A Haantjes CERTIFISC Oudenaarde | P34: =IF(Worksheet!AK34="","",Worksheet!AK34) -> Speler
A35: Merel Blancke | C35: 0478385011 | D35: https://app.twizzit.com/public/photos/5568565/s/d285ba208d969f77d6c249fb61359c50c614e6ac.png | F35: M16 A Haantjes CERTIFISC Oudenaarde | G35: Speler | J35: =Worksheet!C35&" "&Worksheet!B35 -> Torre Beeckman | K35: =IF(Worksheet!P35<>"",Worksheet!P35,IF(Worksheet!R35<>"",Worksheet!R35,IF(Worksheet!T35<>"",Worksheet!T35,""))) | L35: =IF(AND(Worksheet!V35<>"",Worksheet!V35<>0),Worksheet!V35&"",IF(AND(Worksheet!X35<>"",Worksheet!X35<>0),Worksheet!X35&"",IF(AND(Worksheet!Z35<>"",Worksheet!Z35<>0),Worksheet!Z35&"",""))) -> 486440775 | M35: =IF(Worksheet!AE35="","",Worksheet!AE35) -> https://app.twizzit.com/public/photos/2182491/s/9cf26edd91096e59f19c665e2f0a4528adc17aa7.png | N35: =IF(Worksheet!AG35="","",Worksheet!AG35) -> 720212 | O35: =IF(Worksheet!AJ35="","",Worksheet!AJ35) | P35: =IF(Worksheet!AK35="","",Worksheet!AK35)
A36: Merel Blancke | C36: 0478385011 | D36: https://app.twizzit.com/public/photos/5568565/s/d285ba208d969f77d6c249fb61359c50c614e6ac.png | F36: Zomerstage 2026 (Blankenberge) | G36: Speler | J36: =Worksheet!C36&" "&Worksheet!B36 -> Philippe Beirnaert | K36: =IF(Worksheet!P36<>"",Worksheet!P36,IF(Worksheet!R36<>"",Worksheet!R36,IF(Worksheet!T36<>"",Worksheet!T36,""))) | L36: =IF(AND(Worksheet!V36<>"",Worksheet!V36<>0),Worksheet!V36&"",IF(AND(Worksheet!X36<>"",Worksheet!X36<>0),Worksheet!X36&"",IF(AND(Worksheet!Z36<>"",Worksheet!Z36<>0),Worksheet!Z36&"",""))) -> 0497271228 | M36: =IF(Worksheet!AE36="","",Worksheet!AE36) | N36: =IF(Worksheet!AG36="","",Worksheet!AG36) -> 7328 | O36: =IF(Worksheet!AJ36="","",Worksheet!AJ36) | P36: =IF(Worksheet!AK36="","",Worksheet!AK36)
A37: Vic Blommaert | B37: jeroen.blommaert@gmail.com | C37: 0477059912 | D37: https://app.twizzit.com/public/photos/7328384/s/880c055e18cd3fa9e57719da7306434e04eaf905.png | F37: G10 Geel HAANTJES CERTIFISC OUDENAARDE | G37: Speler | J37: =Worksheet!C37&" "&Worksheet!B37 -> Vince Beke | K37: =IF(Worksheet!P37<>"",Worksheet!P37,IF(Worksheet!R37<>"",Worksheet!R37,IF(Worksheet!T37<>"",Worksheet!T37,""))) -> wim.beke@telenet.be | L37: =IF(AND(Worksheet!V37<>"",Worksheet!V37<>0),Worksheet!V37&"",IF(AND(Worksheet!X37<>"",Worksheet!X37<>0),Worksheet!X37&"",IF(AND(Worksheet!Z37<>"",Worksheet!Z37<>0),Worksheet!Z37&"",""))) -> 0494534565 | M37: =IF(Worksheet!AE37="","",Worksheet!AE37) -> https://app.twizzit.com/public/photos/2182501/s/ff9efabb61fd27d35070a050abd98c15c9bfe6c5.png | N37: =IF(Worksheet!AG37="","",Worksheet!AG37) -> 715506 | O37: =IF(Worksheet!AJ37="","",Worksheet!AJ37) -> J18 B Haantjes CERTIFISC Oudenaarde | P37: =IF(Worksheet!AK37="","",Worksheet!AK37) -> Speler
A38: Matti Bogaert | B38: mboogie800@hotmail.com | C38: 0478427271 | E38: 737616 | F38: J18 A Haantjes CERTIFISC Oudenaarde | G38: Speler | J38: =Worksheet!C38&" "&Worksheet!B38 -> Vince Beke | K38: =IF(Worksheet!P38<>"",Worksheet!P38,IF(Worksheet!R38<>"",Worksheet!R38,IF(Worksheet!T38<>"",Worksheet!T38,""))) -> wim.beke@telenet.be | L38: =IF(AND(Worksheet!V38<>"",Worksheet!V38<>0),Worksheet!V38&"",IF(AND(Worksheet!X38<>"",Worksheet!X38<>0),Worksheet!X38&"",IF(AND(Worksheet!Z38<>"",Worksheet!Z38<>0),Worksheet!Z38&"",""))) -> 0494534565 | M38: =IF(Worksheet!AE38="","",Worksheet!AE38) -> https://app.twizzit.com/public/photos/2182501/s/ff9efabb61fd27d35070a050abd98c15c9bfe6c5.png | N38: =IF(Worksheet!AG38="","",Worksheet!AG38) -> 715506 | O38: =IF(Worksheet!AJ38="","",Worksheet!AJ38) -> Zomerstage 2026 (Blankenberge) | P38: =IF(Worksheet!AK38="","",Worksheet!AK38) -> Speler
A39: Matti Bogaert | B39: mboogie800@hotmail.com | C39: 0478427271 | E39: 737616 | F39: HSE B Haantjes Certifisc Oudenaarde | G39: Speler | J39: =Worksheet!C39&" "&Worksheet!B39 -> Elke Belien | K39: =IF(Worksheet!P39<>"",Worksheet!P39,IF(Worksheet!R39<>"",Worksheet!R39,IF(Worksheet!T39<>"",Worksheet!T39,""))) -> dries.goossens@gmail.com | L39: =IF(AND(Worksheet!V39<>"",Worksheet!V39<>0),Worksheet!V39&"",IF(AND(Worksheet!X39<>"",Worksheet!X39<>0),Worksheet!X39&"",IF(AND(Worksheet!Z39<>"",Worksheet!Z39<>0),Worksheet!Z39&"",""))) -> 320497948892 | M39: =IF(Worksheet!AE39="","",Worksheet!AE39) | N39: =IF(Worksheet!AG39="","",Worksheet!AG39) -> 742180 | O39: =IF(Worksheet!AJ39="","",Worksheet!AJ39) | P39: =IF(Worksheet!AK39="","",Worksheet!AK39)
A40: Maurice Boonaert | B40: reggyboonaert@outlook.be | C40: 0478731137 | F40: G08 Groen HAANTJES CERTIFISC OUDENAARDE | G40: Speler | J40: =Worksheet!C40&" "&Worksheet!B40 -> Quinten Benoot | K40: =IF(Worksheet!P40<>"",Worksheet!P40,IF(Worksheet!R40<>"",Worksheet!R40,IF(Worksheet!T40<>"",Worksheet!T40,""))) -> Benoothans20@gmail.com | L40: =IF(AND(Worksheet!V40<>"",Worksheet!V40<>0),Worksheet!V40&"",IF(AND(Worksheet!X40<>"",Worksheet!X40<>0),Worksheet!X40&"",IF(AND(Worksheet!Z40<>"",Worksheet!Z40<>0),Worksheet!Z40&"",""))) -> 0485287357 | M40: =IF(Worksheet!AE40="","",Worksheet!AE40) -> https://app.twizzit.com/public/photos/4080393/s/fc77b80b0f519cf2bcaae55fec7f11c92e5c4d9f.jpeg | N40: =IF(Worksheet!AG40="","",Worksheet!AG40) -> 753437 | O40: =IF(Worksheet!AJ40="","",Worksheet!AJ40) -> J18 B Haantjes CERTIFISC Oudenaarde | P40: =IF(Worksheet!AK40="","",Worksheet!AK40) -> Speler
A41: Maurice Boonaert | B41: reggyboonaert@outlook.be | C41: 0478731137 | F41: Zomerstage 2026 U8 (Oudenaarde) | G41: Speler | J41: =Worksheet!C41&" "&Worksheet!B41 -> Quinten Benoot | K41: =IF(Worksheet!P41<>"",Worksheet!P41,IF(Worksheet!R41<>"",Worksheet!R41,IF(Worksheet!T41<>"",Worksheet!T41,""))) -> Benoothans20@gmail.com | L41: =IF(AND(Worksheet!V41<>"",Worksheet!V41<>0),Worksheet!V41&"",IF(AND(Worksheet!X41<>"",Worksheet!X41<>0),Worksheet!X41&"",IF(AND(Worksheet!Z41<>"",Worksheet!Z41<>0),Worksheet!Z41&"",""))) -> 0485287357 | M41: =IF(Worksheet!AE41="","",Worksheet!AE41) -> https://app.twizzit.com/public/photos/4080393/s/fc77b80b0f519cf2bcaae55fec7f11c92e5c4d9f.jpeg | N41: =IF(Worksheet!AG41="","",Worksheet!AG41) -> 753437 | O41: =IF(Worksheet!AJ41="","",Worksheet!AJ41) | P41: =IF(Worksheet!AK41="","",Worksheet!AK41)
A42: Leon Boone | B42: dieter.boone@telenet.be | C42: 0496024078 | F42: G08 Geel HAANTJES CERTIFISC OUDENAARDE | G42: Speler | J42: =Worksheet!C42&" "&Worksheet!B42 -> Emile Berkvens | K42: =IF(Worksheet!P42<>"",Worksheet!P42,IF(Worksheet!R42<>"",Worksheet!R42,IF(Worksheet!T42<>"",Worksheet!T42,""))) | L42: =IF(AND(Worksheet!V42<>"",Worksheet!V42<>0),Worksheet!V42&"",IF(AND(Worksheet!X42<>"",Worksheet!X42<>0),Worksheet!X42&"",IF(AND(Worksheet!Z42<>"",Worksheet!Z42<>0),Worksheet!Z42&"",""))) -> 474613344 | M42: =IF(Worksheet!AE42="","",Worksheet!AE42) -> https://app.twizzit.com/public/photos/2650778/s/15d2f475817dbbc2474d7d1a8b8b6a06ed3f6c72.png | N42: =IF(Worksheet!AG42="","",Worksheet!AG42) -> 739383 | O42: =IF(Worksheet!AJ42="","",Worksheet!AJ42) -> J16 B Haantjes CERTIFISC Oudenaarde | P42: =IF(Worksheet!AK42="","",Worksheet!AK42) -> Speler
A43: Luca Boullart | B43: maggy.hombecq@hotmail.com | C43: 0475558448 | E43: 733968 | F43: M16 A Haantjes CERTIFISC Oudenaarde | G43: Speler | J43: =Worksheet!C43&" "&Worksheet!B43 -> Kas Bessems | K43: =IF(Worksheet!P43<>"",Worksheet!P43,IF(Worksheet!R43<>"",Worksheet!R43,IF(Worksheet!T43<>"",Worksheet!T43,""))) -> bessemskas@gmail.com | L43: =IF(AND(Worksheet!V43<>"",Worksheet!V43<>0),Worksheet!V43&"",IF(AND(Worksheet!X43<>"",Worksheet!X43<>0),Worksheet!X43&"",IF(AND(Worksheet!Z43<>"",Worksheet!Z43<>0),Worksheet!Z43&"",""))) -> 0475811935 | M43: =IF(Worksheet!AE43="","",Worksheet!AE43) | N43: =IF(Worksheet!AG43="","",Worksheet!AG43) -> 749953 | O43: =IF(Worksheet!AJ43="","",Worksheet!AJ43) | P43: =IF(Worksheet!AK43="","",Worksheet!AK43)
A44: Luca Boullart | B44: maggy.hombecq@hotmail.com | C44: 0475558448 | E44: 733968 | F44: Zomerstage 2026 (Blankenberge) | G44: Speler | J44: =Worksheet!C44&" "&Worksheet!B44 -> Gust Beutels | K44: =IF(Worksheet!P44<>"",Worksheet!P44,IF(Worksheet!R44<>"",Worksheet!R44,IF(Worksheet!T44<>"",Worksheet!T44,""))) -> gbeutels07@gmail.com | L44: =IF(AND(Worksheet!V44<>"",Worksheet!V44<>0),Worksheet!V44&"",IF(AND(Worksheet!X44<>"",Worksheet!X44<>0),Worksheet!X44&"",IF(AND(Worksheet!Z44<>"",Worksheet!Z44<>0),Worksheet!Z44&"",""))) | M44: =IF(Worksheet!AE44="","",Worksheet!AE44) | N44: =IF(Worksheet!AG44="","",Worksheet!AG44) -> 702949 | O44: =IF(Worksheet!AJ44="","",Worksheet!AJ44) | P44: =IF(Worksheet!AK44="","",Worksheet!AK44)
A45: Marie Bourdeaud'hui | C45: 32572791 | D45: https://app.twizzit.com/public/photos/2182516/s/0d7291570c9e5cf142cd892c8fd7ace8c517270a.png | E45: 714083 | F45: DSE A Haantjes Certifisc Oudenaarde | G45: Speler | J45: =Worksheet!C45&" "&Worksheet!B45 -> Celeste Blancke | K45: =IF(Worksheet!P45<>"",Worksheet!P45,IF(Worksheet!R45<>"",Worksheet!R45,IF(Worksheet!T45<>"",Worksheet!T45,""))) | L45: =IF(AND(Worksheet!V45<>"",Worksheet!V45<>0),Worksheet!V45&"",IF(AND(Worksheet!X45<>"",Worksheet!X45<>0),Worksheet!X45&"",IF(AND(Worksheet!Z45<>"",Worksheet!Z45<>0),Worksheet!Z45&"",""))) -> 478385011 | M45: =IF(Worksheet!AE45="","",Worksheet!AE45) -> https://app.twizzit.com/public/photos/3500953/s/601083ebf506787be01432d1e891039519c5d9b6.jpeg | N45: =IF(Worksheet!AG45="","",Worksheet!AG45) -> 749419 | O45: =IF(Worksheet!AJ45="","",Worksheet!AJ45) -> Zomerstage 2026 (Blankenberge) | P45: =IF(Worksheet!AK45="","",Worksheet!AK45) -> Speler
A46: Marie Bourdeaud'hui | C46: 32572791 | D46: https://app.twizzit.com/public/photos/2182516/s/0d7291570c9e5cf142cd892c8fd7ace8c517270a.png | E46: 714083 | F46: Zomerstage 2026 (Blankenberge) | G46: Speler | J46: =Worksheet!C46&" "&Worksheet!B46 -> Celeste Blancke | K46: =IF(Worksheet!P46<>"",Worksheet!P46,IF(Worksheet!R46<>"",Worksheet!R46,IF(Worksheet!T46<>"",Worksheet!T46,""))) | L46: =IF(AND(Worksheet!V46<>"",Worksheet!V46<>0),Worksheet!V46&"",IF(AND(Worksheet!X46<>"",Worksheet!X46<>0),Worksheet!X46&"",IF(AND(Worksheet!Z46<>"",Worksheet!Z46<>0),Worksheet!Z46&"",""))) -> 478385011 | M46: =IF(Worksheet!AE46="","",Worksheet!AE46) -> https://app.twizzit.com/public/photos/3500953/s/601083ebf506787be01432d1e891039519c5d9b6.jpeg | N46: =IF(Worksheet!AG46="","",Worksheet!AG46) -> 749419 | O46: =IF(Worksheet!AJ46="","",Worksheet!AJ46) -> M14 A Haantjes CERTIFISC Oudenaarde | P46: =IF(Worksheet!AK46="","",Worksheet!AK46) -> Speler
A47: Marie Bourdeaud'hui | C47: 32572791 | D47: https://app.twizzit.com/public/photos/2182516/s/0d7291570c9e5cf142cd892c8fd7ace8c517270a.png | E47: 714083 | F47: M19 A Haantjes CERTIFISC Oudenaarde | G47: Speler | J47: =Worksheet!C47&" "&Worksheet!B47 -> Merel Blancke | K47: =IF(Worksheet!P47<>"",Worksheet!P47,IF(Worksheet!R47<>"",Worksheet!R47,IF(Worksheet!T47<>"",Worksheet!T47,""))) | L47: =IF(AND(Worksheet!V47<>"",Worksheet!V47<>0),Worksheet!V47&"",IF(AND(Worksheet!X47<>"",Worksheet!X47<>0),Worksheet!X47&"",IF(AND(Worksheet!Z47<>"",Worksheet!Z47<>0),Worksheet!Z47&"",""))) -> 0478385011 | M47: =IF(Worksheet!AE47="","",Worksheet!AE47) -> https://app.twizzit.com/public/photos/5568565/s/d285ba208d969f77d6c249fb61359c50c614e6ac.png | N47: =IF(Worksheet!AG47="","",Worksheet!AG47) | O47: =IF(Worksheet!AJ47="","",Worksheet!AJ47) -> M16 A Haantjes CERTIFISC Oudenaarde | P47: =IF(Worksheet!AK47="","",Worksheet!AK47) -> Speler
A48: Liam Bourgeois | C48: 0471543824 | F48: J18 B Haantjes CERTIFISC Oudenaarde | G48: Speler | J48: =Worksheet!C48&" "&Worksheet!B48 -> Merel Blancke | K48: =IF(Worksheet!P48<>"",Worksheet!P48,IF(Worksheet!R48<>"",Worksheet!R48,IF(Worksheet!T48<>"",Worksheet!T48,""))) | L48: =IF(AND(Worksheet!V48<>"",Worksheet!V48<>0),Worksheet!V48&"",IF(AND(Worksheet!X48<>"",Worksheet!X48<>0),Worksheet!X48&"",IF(AND(Worksheet!Z48<>"",Worksheet!Z48<>0),Worksheet!Z48&"",""))) -> 0478385011 | M48: =IF(Worksheet!AE48="","",Worksheet!AE48) -> https://app.twizzit.com/public/photos/5568565/s/d285ba208d969f77d6c249fb61359c50c614e6ac.png | N48: =IF(Worksheet!AG48="","",Worksheet!AG48) | O48: =IF(Worksheet!AJ48="","",Worksheet!AJ48) -> Zomerstage 2026 (Blankenberge) | P48: =IF(Worksheet!AK48="","",Worksheet!AK48) -> Speler
A49: Kobe Boutmans | C49: 0479888902 | E49: 731700 | F49: J18 B Haantjes CERTIFISC Oudenaarde | G49: Speler | J49: =Worksheet!C49&" "&Worksheet!B49 -> Vic Blommaert | K49: =IF(Worksheet!P49<>"",Worksheet!P49,IF(Worksheet!R49<>"",Worksheet!R49,IF(Worksheet!T49<>"",Worksheet!T49,""))) -> jeroen.blommaert@gmail.com | L49: =IF(AND(Worksheet!V49<>"",Worksheet!V49<>0),Worksheet!V49&"",IF(AND(Worksheet!X49<>"",Worksheet!X49<>0),Worksheet!X49&"",IF(AND(Worksheet!Z49<>"",Worksheet!Z49<>0),Worksheet!Z49&"",""))) -> 0477059912 | M49: =IF(Worksheet!AE49="","",Worksheet!AE49) -> https://app.twizzit.com/public/photos/7328384/s/880c055e18cd3fa9e57719da7306434e04eaf905.png | N49: =IF(Worksheet!AG49="","",Worksheet!AG49) | O49: =IF(Worksheet!AJ49="","",Worksheet!AJ49) -> G10 Geel HAANTJES CERTIFISC OUDENAARDE | P49: =IF(Worksheet!AK49="","",Worksheet!AK49) -> Speler
A50: Lise Braem | B50: braem.filiep@outlook.be | D50: https://app.twizzit.com/public/photos/2182526/s/a821912bbd87d29337fbfbb0be2e91298bc55869.jpeg | E50: 706640 | F50: Zomerstage 2026 (Blankenberge) | G50: Speler | J50: =Worksheet!C50&" "&Worksheet!B50 -> Bart Blondeel | K50: =IF(Worksheet!P50<>"",Worksheet!P50,IF(Worksheet!R50<>"",Worksheet!R50,IF(Worksheet!T50<>"",Worksheet!T50,""))) | L50: =IF(AND(Worksheet!V50<>"",Worksheet!V50<>0),Worksheet!V50&"",IF(AND(Worksheet!X50<>"",Worksheet!X50<>0),Worksheet!X50&"",IF(AND(Worksheet!Z50<>"",Worksheet!Z50<>0),Worksheet!Z50&"",""))) -> 0473373966 | M50: =IF(Worksheet!AE50="","",Worksheet!AE50) | N50: =IF(Worksheet!AG50="","",Worksheet!AG50) | O50: =IF(Worksheet!AJ50="","",Worksheet!AJ50) | P50: =IF(Worksheet!AK50="","",Worksheet!AK50)
A51: Lise Braem | B51: braem.filiep@outlook.be | D51: https://app.twizzit.com/public/photos/2182526/s/a821912bbd87d29337fbfbb0be2e91298bc55869.jpeg | E51: 706640 | F51: M19 A Haantjes CERTIFISC Oudenaarde | G51: Speler | J51: =Worksheet!C51&" "&Worksheet!B51 -> Matti Bogaert | K51: =IF(Worksheet!P51<>"",Worksheet!P51,IF(Worksheet!R51<>"",Worksheet!R51,IF(Worksheet!T51<>"",Worksheet!T51,""))) -> mboogie800@hotmail.com | L51: =IF(AND(Worksheet!V51<>"",Worksheet!V51<>0),Worksheet!V51&"",IF(AND(Worksheet!X51<>"",Worksheet!X51<>0),Worksheet!X51&"",IF(AND(Worksheet!Z51<>"",Worksheet!Z51<>0),Worksheet!Z51&"",""))) -> 0478427271 | M51: =IF(Worksheet!AE51="","",Worksheet!AE51) | N51: =IF(Worksheet!AG51="","",Worksheet!AG51) -> 737616 | O51: =IF(Worksheet!AJ51="","",Worksheet!AJ51) -> J18 A Haantjes CERTIFISC Oudenaarde | P51: =IF(Worksheet!AK51="","",Worksheet!AK51) -> Speler
A52: Aishatu Lieve Buadee | C52: 0496745543 | F52: DSE A Haantjes Certifisc Oudenaarde | G52: Speler | J52: =Worksheet!C52&" "&Worksheet!B52 -> Matti Bogaert | K52: =IF(Worksheet!P52<>"",Worksheet!P52,IF(Worksheet!R52<>"",Worksheet!R52,IF(Worksheet!T52<>"",Worksheet!T52,""))) -> mboogie800@hotmail.com | L52: =IF(AND(Worksheet!V52<>"",Worksheet!V52<>0),Worksheet!V52&"",IF(AND(Worksheet!X52<>"",Worksheet!X52<>0),Worksheet!X52&"",IF(AND(Worksheet!Z52<>"",Worksheet!Z52<>0),Worksheet!Z52&"",""))) -> 0478427271 | M52: =IF(Worksheet!AE52="","",Worksheet!AE52) | N52: =IF(Worksheet!AG52="","",Worksheet!AG52) -> 737616 | O52: =IF(Worksheet!AJ52="","",Worksheet!AJ52) -> HSE B Haantjes Certifisc Oudenaarde | P52: =IF(Worksheet!AK52="","",Worksheet!AK52) -> Speler
A53: Matisse Buda Meirlaen | C53: 0477658556 | D53: https://app.twizzit.com/public/photos/7666112/s/28beee7a2b02560648d49ec2140a1cc079666b2a.png | F53: G14 B Haantjes CERTIFISC Oudenaarde | G53: Speler | J53: =Worksheet!C53&" "&Worksheet!B53 -> Maurice Boonaert | K53: =IF(Worksheet!P53<>"",Worksheet!P53,IF(Worksheet!R53<>"",Worksheet!R53,IF(Worksheet!T53<>"",Worksheet!T53,""))) -> reggyboonaert@outlook.be | L53: =IF(AND(Worksheet!V53<>"",Worksheet!V53<>0),Worksheet!V53&"",IF(AND(Worksheet!X53<>"",Worksheet!X53<>0),Worksheet!X53&"",IF(AND(Worksheet!Z53<>"",Worksheet!Z53<>0),Worksheet!Z53&"",""))) -> 0478731137 | M53: =IF(Worksheet!AE53="","",Worksheet!AE53) | N53: =IF(Worksheet!AG53="","",Worksheet!AG53) | O53: =IF(Worksheet!AJ53="","",Worksheet!AJ53) -> G08 Groen HAANTJES CERTIFISC OUDENAARDE | P53: =IF(Worksheet!AK53="","",Worksheet!AK53) -> Speler
A54: Dylann Bufkens | C54: 0493561486 | E54: 638804 | F54: J18 B Haantjes CERTIFISC Oudenaarde | G54: Coach | J54: =Worksheet!C54&" "&Worksheet!B54 -> Maurice Boonaert | K54: =IF(Worksheet!P54<>"",Worksheet!P54,IF(Worksheet!R54<>"",Worksheet!R54,IF(Worksheet!T54<>"",Worksheet!T54,""))) -> reggyboonaert@outlook.be | L54: =IF(AND(Worksheet!V54<>"",Worksheet!V54<>0),Worksheet!V54&"",IF(AND(Worksheet!X54<>"",Worksheet!X54<>0),Worksheet!X54&"",IF(AND(Worksheet!Z54<>"",Worksheet!Z54<>0),Worksheet!Z54&"",""))) -> 0478731137 | M54: =IF(Worksheet!AE54="","",Worksheet!AE54) | N54: =IF(Worksheet!AG54="","",Worksheet!AG54) | O54: =IF(Worksheet!AJ54="","",Worksheet!AJ54) -> Zomerstage 2026 U8 (Oudenaarde) | P54: =IF(Worksheet!AK54="","",Worksheet!AK54) -> Speler
A55: Dylann Bufkens | C55: 0493561486 | E55: 638804 | F55: HSE B Haantjes Certifisc Oudenaarde | G55: Speler | J55: =Worksheet!C55&" "&Worksheet!B55 -> Leon Boone | K55: =IF(Worksheet!P55<>"",Worksheet!P55,IF(Worksheet!R55<>"",Worksheet!R55,IF(Worksheet!T55<>"",Worksheet!T55,""))) -> dieter.boone@telenet.be | L55: =IF(AND(Worksheet!V55<>"",Worksheet!V55<>0),Worksheet!V55&"",IF(AND(Worksheet!X55<>"",Worksheet!X55<>0),Worksheet!X55&"",IF(AND(Worksheet!Z55<>"",Worksheet!Z55<>0),Worksheet!Z55&"",""))) -> 0496024078 | M55: =IF(Worksheet!AE55="","",Worksheet!AE55) | N55: =IF(Worksheet!AG55="","",Worksheet!AG55) | O55: =IF(Worksheet!AJ55="","",Worksheet!AJ55) -> G08 Geel HAANTJES CERTIFISC OUDENAARDE | P55: =IF(Worksheet!AK55="","",Worksheet!AK55) -> Speler
A56: Liam Bufkens | B56: vanbael_ijlie@hotmail.com | E56: 740183 | F56: J16 A Haantjes CERTIFISC Oudenaarde | G56: Speler | J56: =Worksheet!C56&" "&Worksheet!B56 -> Charles Bothuyne | K56: =IF(Worksheet!P56<>"",Worksheet!P56,IF(Worksheet!R56<>"",Worksheet!R56,IF(Worksheet!T56<>"",Worksheet!T56,""))) | L56: =IF(AND(Worksheet!V56<>"",Worksheet!V56<>0),Worksheet!V56&"",IF(AND(Worksheet!X56<>"",Worksheet!X56<>0),Worksheet!X56&"",IF(AND(Worksheet!Z56<>"",Worksheet!Z56<>0),Worksheet!Z56&"",""))) -> 32474611521 | M56: =IF(Worksheet!AE56="","",Worksheet!AE56) | N56: =IF(Worksheet!AG56="","",Worksheet!AG56) | O56: =IF(Worksheet!AJ56="","",Worksheet!AJ56) | P56: =IF(Worksheet!AK56="","",Worksheet!AK56)
A57: Iris Calewaert | E57: 622248 | F57: DSE A Haantjes Certifisc Oudenaarde | G57: Speler | J57: =Worksheet!C57&" "&Worksheet!B57 -> Mauro Boudringhien | K57: =IF(Worksheet!P57<>"",Worksheet!P57,IF(Worksheet!R57<>"",Worksheet!R57,IF(Worksheet!T57<>"",Worksheet!T57,""))) | L57: =IF(AND(Worksheet!V57<>"",Worksheet!V57<>0),Worksheet!V57&"",IF(AND(Worksheet!X57<>"",Worksheet!X57<>0),Worksheet!X57&"",IF(AND(Worksheet!Z57<>"",Worksheet!Z57<>0),Worksheet!Z57&"",""))) | M57: =IF(Worksheet!AE57="","",Worksheet!AE57) | N57: =IF(Worksheet!AG57="","",Worksheet!AG57) -> 732761 | O57: =IF(Worksheet!AJ57="","",Worksheet!AJ57) | P57: =IF(Worksheet!AK57="","",Worksheet!AK57)
A58: Iris Calewaert | E58: 622248 | F58: M12 A HAANTJES CERTIFISC OUDENAARDE | G58: Coach | J58: =Worksheet!C58&" "&Worksheet!B58 -> Luca Boullart | K58: =IF(Worksheet!P58<>"",Worksheet!P58,IF(Worksheet!R58<>"",Worksheet!R58,IF(Worksheet!T58<>"",Worksheet!T58,""))) -> maggy.hombecq@hotmail.com | L58: =IF(AND(Worksheet!V58<>"",Worksheet!V58<>0),Worksheet!V58&"",IF(AND(Worksheet!X58<>"",Worksheet!X58<>0),Worksheet!X58&"",IF(AND(Worksheet!Z58<>"",Worksheet!Z58<>0),Worksheet!Z58&"",""))) -> 0475558448 | M58: =IF(Worksheet!AE58="","",Worksheet!AE58) | N58: =IF(Worksheet!AG58="","",Worksheet!AG58) -> 733968 | O58: =IF(Worksheet!AJ58="","",Worksheet!AJ58) -> M16 A Haantjes CERTIFISC Oudenaarde | P58: =IF(Worksheet!AK58="","",Worksheet!AK58) -> Speler
A59: Leon Castelain | C59: 32495228616 | D59: https://app.twizzit.com/public/photos/3486565/s/dbc5287e080bfa9acd16205b0ef6339800e0ffb6.png | E59: 762623 | F59: G10 Geel HAANTJES CERTIFISC OUDENAARDE | G59: Speler | J59: =Worksheet!C59&" "&Worksheet!B59 -> Luca Boullart | K59: =IF(Worksheet!P59<>"",Worksheet!P59,IF(Worksheet!R59<>"",Worksheet!R59,IF(Worksheet!T59<>"",Worksheet!T59,""))) -> maggy.hombecq@hotmail.com | L59: =IF(AND(Worksheet!V59<>"",Worksheet!V59<>0),Worksheet!V59&"",IF(AND(Worksheet!X59<>"",Worksheet!X59<>0),Worksheet!X59&"",IF(AND(Worksheet!Z59<>"",Worksheet!Z59<>0),Worksheet!Z59&"",""))) -> 0475558448 | M59: =IF(Worksheet!AE59="","",Worksheet!AE59) | N59: =IF(Worksheet!AG59="","",Worksheet!AG59) -> 733968 | O59: =IF(Worksheet!AJ59="","",Worksheet!AJ59) -> Zomerstage 2026 (Blankenberge) | P59: =IF(Worksheet!AK59="","",Worksheet!AK59) -> Speler
A60: Leon Castelain | C60: 32495228616 | D60: https://app.twizzit.com/public/photos/3486565/s/dbc5287e080bfa9acd16205b0ef6339800e0ffb6.png | E60: 762623 | F60: Zomerstage 2026 U10 & U12 (Oudenaarde) | G60: Speler | J60: =Worksheet!C60&" "&Worksheet!B60 -> Marie Bourdeaud'hui | K60: =IF(Worksheet!P60<>"",Worksheet!P60,IF(Worksheet!R60<>"",Worksheet!R60,IF(Worksheet!T60<>"",Worksheet!T60,""))) | L60: =IF(AND(Worksheet!V60<>"",Worksheet!V60<>0),Worksheet!V60&"",IF(AND(Worksheet!X60<>"",Worksheet!X60<>0),Worksheet!X60&"",IF(AND(Worksheet!Z60<>"",Worksheet!Z60<>0),Worksheet!Z60&"",""))) -> 32572791 | M60: =IF(Worksheet!AE60="","",Worksheet!AE60) -> https://app.twizzit.com/public/photos/2182516/s/0d7291570c9e5cf142cd892c8fd7ace8c517270a.png | N60: =IF(Worksheet!AG60="","",Worksheet!AG60) -> 714083 | O60: =IF(Worksheet!AJ60="","",Worksheet!AJ60) -> DSE A Haantjes Certifisc Oudenaarde | P60: =IF(Worksheet!AK60="","",Worksheet!AK60) -> Speler
A61: Odet Castelain | B61: evelyn.demesel@hotmail.be | C61: 32495228616 | F61: Balschool U6 | G61: Speler | J61: =Worksheet!C61&" "&Worksheet!B61 -> Marie Bourdeaud'hui | K61: =IF(Worksheet!P61<>"",Worksheet!P61,IF(Worksheet!R61<>"",Worksheet!R61,IF(Worksheet!T61<>"",Worksheet!T61,""))) | L61: =IF(AND(Worksheet!V61<>"",Worksheet!V61<>0),Worksheet!V61&"",IF(AND(Worksheet!X61<>"",Worksheet!X61<>0),Worksheet!X61&"",IF(AND(Worksheet!Z61<>"",Worksheet!Z61<>0),Worksheet!Z61&"",""))) -> 32572791 | M61: =IF(Worksheet!AE61="","",Worksheet!AE61) -> https://app.twizzit.com/public/photos/2182516/s/0d7291570c9e5cf142cd892c8fd7ace8c517270a.png | N61: =IF(Worksheet!AG61="","",Worksheet!AG61) -> 714083 | O61: =IF(Worksheet!AJ61="","",Worksheet!AJ61) -> Zomerstage 2026 (Blankenberge) | P61: =IF(Worksheet!AK61="","",Worksheet!AK61) -> Speler
A62: Bart Cattoir | E62: 20854 | F62: DSE A Haantjes Certifisc Oudenaarde | G62: Coach | J62: =Worksheet!C62&" "&Worksheet!B62 -> Marie Bourdeaud'hui | K62: =IF(Worksheet!P62<>"",Worksheet!P62,IF(Worksheet!R62<>"",Worksheet!R62,IF(Worksheet!T62<>"",Worksheet!T62,""))) | L62: =IF(AND(Worksheet!V62<>"",Worksheet!V62<>0),Worksheet!V62&"",IF(AND(Worksheet!X62<>"",Worksheet!X62<>0),Worksheet!X62&"",IF(AND(Worksheet!Z62<>"",Worksheet!Z62<>0),Worksheet!Z62&"",""))) -> 32572791 | M62: =IF(Worksheet!AE62="","",Worksheet!AE62) -> https://app.twizzit.com/public/photos/2182516/s/0d7291570c9e5cf142cd892c8fd7ace8c517270a.png | N62: =IF(Worksheet!AG62="","",Worksheet!AG62) -> 714083 | O62: =IF(Worksheet!AJ62="","",Worksheet!AJ62) -> M19 A Haantjes CERTIFISC Oudenaarde | P62: =IF(Worksheet!AK62="","",Worksheet!AK62) -> Speler
A63: Jonah Cattoir | F63: G08 Geel HAANTJES CERTIFISC OUDENAARDE | G63: Coach | J63: =Worksheet!C63&" "&Worksheet!B63 -> Liam Bourgeois | K63: =IF(Worksheet!P63<>"",Worksheet!P63,IF(Worksheet!R63<>"",Worksheet!R63,IF(Worksheet!T63<>"",Worksheet!T63,""))) | L63: =IF(AND(Worksheet!V63<>"",Worksheet!V63<>0),Worksheet!V63&"",IF(AND(Worksheet!X63<>"",Worksheet!X63<>0),Worksheet!X63&"",IF(AND(Worksheet!Z63<>"",Worksheet!Z63<>0),Worksheet!Z63&"",""))) -> 0471543824 | M63: =IF(Worksheet!AE63="","",Worksheet!AE63) | N63: =IF(Worksheet!AG63="","",Worksheet!AG63) | O63: =IF(Worksheet!AJ63="","",Worksheet!AJ63) -> J18 B Haantjes CERTIFISC Oudenaarde | P63: =IF(Worksheet!AK63="","",Worksheet!AK63) -> Speler
A64: Jonah Cattoir | F64: J16 A Haantjes CERTIFISC Oudenaarde | G64: Speler | J64: =Worksheet!C64&" "&Worksheet!B64 -> Beauregard Boutmans | K64: =IF(Worksheet!P64<>"",Worksheet!P64,IF(Worksheet!R64<>"",Worksheet!R64,IF(Worksheet!T64<>"",Worksheet!T64,""))) | L64: =IF(AND(Worksheet!V64<>"",Worksheet!V64<>0),Worksheet!V64&"",IF(AND(Worksheet!X64<>"",Worksheet!X64<>0),Worksheet!X64&"",IF(AND(Worksheet!Z64<>"",Worksheet!Z64<>0),Worksheet!Z64&"",""))) | M64: =IF(Worksheet!AE64="","",Worksheet!AE64) | N64: =IF(Worksheet!AG64="","",Worksheet!AG64) | O64: =IF(Worksheet!AJ64="","",Worksheet!AJ64) | P64: =IF(Worksheet!AK64="","",Worksheet!AK64)
A65: Jonah Cattoir | F65: Zomerstage 2026 (Blankenberge) | G65: Speler | J65: =Worksheet!C65&" "&Worksheet!B65 -> Kobe Boutmans | K65: =IF(Worksheet!P65<>"",Worksheet!P65,IF(Worksheet!R65<>"",Worksheet!R65,IF(Worksheet!T65<>"",Worksheet!T65,""))) | L65: =IF(AND(Worksheet!V65<>"",Worksheet!V65<>0),Worksheet!V65&"",IF(AND(Worksheet!X65<>"",Worksheet!X65<>0),Worksheet!X65&"",IF(AND(Worksheet!Z65<>"",Worksheet!Z65<>0),Worksheet!Z65&"",""))) -> 0479888902 | M65: =IF(Worksheet!AE65="","",Worksheet!AE65) | N65: =IF(Worksheet!AG65="","",Worksheet!AG65) -> 731700 | O65: =IF(Worksheet!AJ65="","",Worksheet!AJ65) -> J18 B Haantjes CERTIFISC Oudenaarde | P65: =IF(Worksheet!AK65="","",Worksheet!AK65) -> Speler
A66: Lasse Cattoir | D66: https://app.twizzit.com/public/photos/9522553/s/70d508b65eaba88af49f20bd545e119d36420c07.png | F66: G08 Geel HAANTJES CERTIFISC OUDENAARDE | G66: Speler | J66: =Worksheet!C66&" "&Worksheet!B66 -> Kaatje Bracke | K66: =IF(Worksheet!P66<>"",Worksheet!P66,IF(Worksheet!R66<>"",Worksheet!R66,IF(Worksheet!T66<>"",Worksheet!T66,""))) | L66: =IF(AND(Worksheet!V66<>"",Worksheet!V66<>0),Worksheet!V66&"",IF(AND(Worksheet!X66<>"",Worksheet!X66<>0),Worksheet!X66&"",IF(AND(Worksheet!Z66<>"",Worksheet!Z66<>0),Worksheet!Z66&"",""))) | M66: =IF(Worksheet!AE66="","",Worksheet!AE66) | N66: =IF(Worksheet!AG66="","",Worksheet!AG66) -> 236495 | O66: =IF(Worksheet!AJ66="","",Worksheet!AJ66) | P66: =IF(Worksheet!AK66="","",Worksheet!AK66)
A67: Lasse Cattoir | D67: https://app.twizzit.com/public/photos/9522553/s/70d508b65eaba88af49f20bd545e119d36420c07.png | F67: Zomerstage 2026 U8 (Oudenaarde) | G67: Speler | J67: =Worksheet!C67&" "&Worksheet!B67 -> Mathieu Bracke | K67: =IF(Worksheet!P67<>"",Worksheet!P67,IF(Worksheet!R67<>"",Worksheet!R67,IF(Worksheet!T67<>"",Worksheet!T67,""))) | L67: =IF(AND(Worksheet!V67<>"",Worksheet!V67<>0),Worksheet!V67&"",IF(AND(Worksheet!X67<>"",Worksheet!X67<>0),Worksheet!X67&"",IF(AND(Worksheet!Z67<>"",Worksheet!Z67<>0),Worksheet!Z67&"",""))) -> 320470203327 | M67: =IF(Worksheet!AE67="","",Worksheet!AE67) | N67: =IF(Worksheet!AG67="","",Worksheet!AG67) -> 606718 | O67: =IF(Worksheet!AJ67="","",Worksheet!AJ67) | P67: =IF(Worksheet!AK67="","",Worksheet!AK67)
A68: Alice Cokelaere | B68: sofie.pattyn@telenet.be | C68: 0477681738 | E68: 669074 | F68: DSE A Haantjes Certifisc Oudenaarde | G68: Speler | J68: =Worksheet!C68&" "&Worksheet!B68 -> Filiep Braem | K68: =IF(Worksheet!P68<>"",Worksheet!P68,IF(Worksheet!R68<>"",Worksheet!R68,IF(Worksheet!T68<>"",Worksheet!T68,""))) | L68: =IF(AND(Worksheet!V68<>"",Worksheet!V68<>0),Worksheet!V68&"",IF(AND(Worksheet!X68<>"",Worksheet!X68<>0),Worksheet!X68&"",IF(AND(Worksheet!Z68<>"",Worksheet!Z68<>0),Worksheet!Z68&"",""))) | M68: =IF(Worksheet!AE68="","",Worksheet!AE68) | N68: =IF(Worksheet!AG68="","",Worksheet!AG68) -> 757056 | O68: =IF(Worksheet!AJ68="","",Worksheet!AJ68) | P68: =IF(Worksheet!AK68="","",Worksheet!AK68)
A69: Alice Cokelaere | B69: sofie.pattyn@telenet.be | C69: 0477681738 | E69: 669074 | F69: Zomerstage 2026 (Blankenberge) | G69: Speler | J69: =Worksheet!C69&" "&Worksheet!B69 -> Lise Braem | K69: =IF(Worksheet!P69<>"",Worksheet!P69,IF(Worksheet!R69<>"",Worksheet!R69,IF(Worksheet!T69<>"",Worksheet!T69,""))) -> braem.filiep@outlook.be | L69: =IF(AND(Worksheet!V69<>"",Worksheet!V69<>0),Worksheet!V69&"",IF(AND(Worksheet!X69<>"",Worksheet!X69<>0),Worksheet!X69&"",IF(AND(Worksheet!Z69<>"",Worksheet!Z69<>0),Worksheet!Z69&"",""))) | M69: =IF(Worksheet!AE69="","",Worksheet!AE69) -> https://app.twizzit.com/public/photos/2182526/s/a821912bbd87d29337fbfbb0be2e91298bc55869.jpeg | N69: =IF(Worksheet!AG69="","",Worksheet!AG69) -> 706640 | O69: =IF(Worksheet!AJ69="","",Worksheet!AJ69) -> Zomerstage 2026 (Blankenberge) | P69: =IF(Worksheet!AK69="","",Worksheet!AK69) -> Speler
A70: Alice Cokelaere | B70: sofie.pattyn@telenet.be | C70: 0477681738 | E70: 669074 | F70: M19 A Haantjes CERTIFISC Oudenaarde | G70: Speler | J70: =Worksheet!C70&" "&Worksheet!B70 -> Lise Braem | K70: =IF(Worksheet!P70<>"",Worksheet!P70,IF(Worksheet!R70<>"",Worksheet!R70,IF(Worksheet!T70<>"",Worksheet!T70,""))) -> braem.filiep@outlook.be | L70: =IF(AND(Worksheet!V70<>"",Worksheet!V70<>0),Worksheet!V70&"",IF(AND(Worksheet!X70<>"",Worksheet!X70<>0),Worksheet!X70&"",IF(AND(Worksheet!Z70<>"",Worksheet!Z70<>0),Worksheet!Z70&"",""))) | M70: =IF(Worksheet!AE70="","",Worksheet!AE70) -> https://app.twizzit.com/public/photos/2182526/s/a821912bbd87d29337fbfbb0be2e91298bc55869.jpeg | N70: =IF(Worksheet!AG70="","",Worksheet!AG70) -> 706640 | O70: =IF(Worksheet!AJ70="","",Worksheet!AJ70) -> M19 A Haantjes CERTIFISC Oudenaarde | P70: =IF(Worksheet!AK70="","",Worksheet!AK70) -> Speler
A71: Jules Cokelaere | C71: 320477681738 | F71: HSE C Haantjes Certifisc Oudenaarde | G71: Speler | J71: =Worksheet!C71&" "&Worksheet!B71 -> Florean Bruyland | K71: =IF(Worksheet!P71<>"",Worksheet!P71,IF(Worksheet!R71<>"",Worksheet!R71,IF(Worksheet!T71<>"",Worksheet!T71,""))) | L71: =IF(AND(Worksheet!V71<>"",Worksheet!V71<>0),Worksheet!V71&"",IF(AND(Worksheet!X71<>"",Worksheet!X71<>0),Worksheet!X71&"",IF(AND(Worksheet!Z71<>"",Worksheet!Z71<>0),Worksheet!Z71&"",""))) -> 0476263407 | M71: =IF(Worksheet!AE71="","",Worksheet!AE71) -> https://app.twizzit.com/public/photos/2182531/s/a96a35504a45f2aa6d5205a67f03e56978acf0e6.png | N71: =IF(Worksheet!AG71="","",Worksheet!AG71) -> 733505 | O71: =IF(Worksheet!AJ71="","",Worksheet!AJ71) | P71: =IF(Worksheet!AK71="","",Worksheet!AK71)
A72: Nand Colpaert | B72: stijn.colpaert@telenet.be | C72: 0497216213 | F72: G10 Geel HAANTJES CERTIFISC OUDENAARDE | G72: Speler | J72: =Worksheet!C72&" "&Worksheet!B72 -> Kobe Bruyneel | K72: =IF(Worksheet!P72<>"",Worksheet!P72,IF(Worksheet!R72<>"",Worksheet!R72,IF(Worksheet!T72<>"",Worksheet!T72,""))) -> brambruyneel@gmail.com | L72: =IF(AND(Worksheet!V72<>"",Worksheet!V72<>0),Worksheet!V72&"",IF(AND(Worksheet!X72<>"",Worksheet!X72<>0),Worksheet!X72&"",IF(AND(Worksheet!Z72<>"",Worksheet!Z72<>0),Worksheet!Z72&"",""))) -> 0494037946 | M72: =IF(Worksheet!AE72="","",Worksheet!AE72) | N72: =IF(Worksheet!AG72="","",Worksheet!AG72) -> 758520 | O72: =IF(Worksheet!AJ72="","",Worksheet!AJ72) | P72: =IF(Worksheet!AK72="","",Worksheet!AK72)
A73: Luka Coryn | B73: michael.coryn@telenet.be | C73: 0471737015 | E73: 724313 | F73: J21 A HAANTJES CERTIFISC OUDENAARDE | G73: Speler | J73: =Worksheet!C73&" "&Worksheet!B73 -> Aishatu Lieve Buadee | K73: =IF(Worksheet!P73<>"",Worksheet!P73,IF(Worksheet!R73<>"",Worksheet!R73,IF(Worksheet!T73<>"",Worksheet!T73,""))) | L73: =IF(AND(Worksheet!V73<>"",Worksheet!V73<>0),Worksheet!V73&"",IF(AND(Worksheet!X73<>"",Worksheet!X73<>0),Worksheet!X73&"",IF(AND(Worksheet!Z73<>"",Worksheet!Z73<>0),Worksheet!Z73&"",""))) -> 0496745543 | M73: =IF(Worksheet!AE73="","",Worksheet!AE73) | N73: =IF(Worksheet!AG73="","",Worksheet!AG73) | O73: =IF(Worksheet!AJ73="","",Worksheet!AJ73) -> DSE A Haantjes Certifisc Oudenaarde | P73: =IF(Worksheet!AK73="","",Worksheet!AK73) -> Speler
A74: Niklas Creteur | C74: 496211659 | E74: 734418 | F74: G14 B Haantjes CERTIFISC Oudenaarde | G74: Speler | J74: =Worksheet!C74&" "&Worksheet!B74 -> Eva Buckens | K74: =IF(Worksheet!P74<>"",Worksheet!P74,IF(Worksheet!R74<>"",Worksheet!R74,IF(Worksheet!T74<>"",Worksheet!T74,""))) | L74: =IF(AND(Worksheet!V74<>"",Worksheet!V74<>0),Worksheet!V74&"",IF(AND(Worksheet!X74<>"",Worksheet!X74<>0),Worksheet!X74&"",IF(AND(Worksheet!Z74<>"",Worksheet!Z74<>0),Worksheet!Z74&"",""))) | M74: =IF(Worksheet!AE74="","",Worksheet!AE74) | N74: =IF(Worksheet!AG74="","",Worksheet!AG74) | O74: =IF(Worksheet!AJ74="","",Worksheet!AJ74) | P74: =IF(Worksheet!AK74="","",Worksheet!AK74)
A75: Tanguy Creteur | B75: david@credelec.be | C75: 0470535338 | E75: 737982 | F75: J21 A HAANTJES CERTIFISC OUDENAARDE | G75: Speler | J75: =Worksheet!C75&" "&Worksheet!B75 -> Matisse Buda Meirlaen | K75: =IF(Worksheet!P75<>"",Worksheet!P75,IF(Worksheet!R75<>"",Worksheet!R75,IF(Worksheet!T75<>"",Worksheet!T75,""))) | L75: =IF(AND(Worksheet!V75<>"",Worksheet!V75<>0),Worksheet!V75&"",IF(AND(Worksheet!X75<>"",Worksheet!X75<>0),Worksheet!X75&"",IF(AND(Worksheet!Z75<>"",Worksheet!Z75<>0),Worksheet!Z75&"",""))) -> 0477658556 | M75: =IF(Worksheet!AE75="","",Worksheet!AE75) -> https://app.twizzit.com/public/photos/7666112/s/28beee7a2b02560648d49ec2140a1cc079666b2a.png | N75: =IF(Worksheet!AG75="","",Worksheet!AG75) | O75: =IF(Worksheet!AJ75="","",Worksheet!AJ75) -> G14 B Haantjes CERTIFISC Oudenaarde | P75: =IF(Worksheet!AK75="","",Worksheet!AK75) -> Speler
A76: Arthur Crombez | C76: 0478792675 | D76: https://app.twizzit.com/public/photos/7501921/s/cda3c2c21188914d3908db110c011be3c8f5a13d.png | F76: G10 Blauw HAANTJES CERTIFISC OUDENAARDE | G76: Speler | J76: =Worksheet!C76&" "&Worksheet!B76 -> Dylann Bufkens | K76: =IF(Worksheet!P76<>"",Worksheet!P76,IF(Worksheet!R76<>"",Worksheet!R76,IF(Worksheet!T76<>"",Worksheet!T76,""))) | L76: =IF(AND(Worksheet!V76<>"",Worksheet!V76<>0),Worksheet!V76&"",IF(AND(Worksheet!X76<>"",Worksheet!X76<>0),Worksheet!X76&"",IF(AND(Worksheet!Z76<>"",Worksheet!Z76<>0),Worksheet!Z76&"",""))) -> 0493561486 | M76: =IF(Worksheet!AE76="","",Worksheet!AE76) | N76: =IF(Worksheet!AG76="","",Worksheet!AG76) -> 638804 | O76: =IF(Worksheet!AJ76="","",Worksheet!AJ76) -> J18 B Haantjes CERTIFISC Oudenaarde | P76: =IF(Worksheet!AK76="","",Worksheet!AK76) -> Coach
A77: Ella-Marie Crombez | B77: Tom.crombez@gmail.com | C77: 00478792675 | F77: M14 A Haantjes CERTIFISC Oudenaarde | G77: Speler | J77: =Worksheet!C77&" "&Worksheet!B77 -> Dylann Bufkens | K77: =IF(Worksheet!P77<>"",Worksheet!P77,IF(Worksheet!R77<>"",Worksheet!R77,IF(Worksheet!T77<>"",Worksheet!T77,""))) | L77: =IF(AND(Worksheet!V77<>"",Worksheet!V77<>0),Worksheet!V77&"",IF(AND(Worksheet!X77<>"",Worksheet!X77<>0),Worksheet!X77&"",IF(AND(Worksheet!Z77<>"",Worksheet!Z77<>0),Worksheet!Z77&"",""))) -> 0493561486 | M77: =IF(Worksheet!AE77="","",Worksheet!AE77) | N77: =IF(Worksheet!AG77="","",Worksheet!AG77) -> 638804 | O77: =IF(Worksheet!AJ77="","",Worksheet!AJ77) -> HSE B Haantjes Certifisc Oudenaarde | P77: =IF(Worksheet!AK77="","",Worksheet!AK77) -> Speler
A78: Mathis Cromheeke | E78: 715872 | F78: J18 B Haantjes CERTIFISC Oudenaarde | G78: Speler | J78: =Worksheet!C78&" "&Worksheet!B78 -> Liam Bufkens | K78: =IF(Worksheet!P78<>"",Worksheet!P78,IF(Worksheet!R78<>"",Worksheet!R78,IF(Worksheet!T78<>"",Worksheet!T78,""))) -> vanbael_ijlie@hotmail.com | L78: =IF(AND(Worksheet!V78<>"",Worksheet!V78<>0),Worksheet!V78&"",IF(AND(Worksheet!X78<>"",Worksheet!X78<>0),Worksheet!X78&"",IF(AND(Worksheet!Z78<>"",Worksheet!Z78<>0),Worksheet!Z78&"",""))) | M78: =IF(Worksheet!AE78="","",Worksheet!AE78) | N78: =IF(Worksheet!AG78="","",Worksheet!AG78) -> 740183 | O78: =IF(Worksheet!AJ78="","",Worksheet!AJ78) -> J16 A Haantjes CERTIFISC Oudenaarde | P78: =IF(Worksheet!AK78="","",Worksheet!AK78) -> Speler
A79: Sofian D'Haenen | F79: J18 A Haantjes CERTIFISC Oudenaarde | G79: Speler | J79: =Worksheet!C79&" "&Worksheet!B79 -> Iris Calewaert | K79: =IF(Worksheet!P79<>"",Worksheet!P79,IF(Worksheet!R79<>"",Worksheet!R79,IF(Worksheet!T79<>"",Worksheet!T79,""))) | L79: =IF(AND(Worksheet!V79<>"",Worksheet!V79<>0),Worksheet!V79&"",IF(AND(Worksheet!X79<>"",Worksheet!X79<>0),Worksheet!X79&"",IF(AND(Worksheet!Z79<>"",Worksheet!Z79<>0),Worksheet!Z79&"",""))) | M79: =IF(Worksheet!AE79="","",Worksheet!AE79) | N79: =IF(Worksheet!AG79="","",Worksheet!AG79) -> 622248 | O79: =IF(Worksheet!AJ79="","",Worksheet!AJ79) -> DSE A Haantjes Certifisc Oudenaarde | P79: =IF(Worksheet!AK79="","",Worksheet!AK79) -> Speler
A80: Sofian D'Haenen | F80: Zomerstage 2026 (Blankenberge) | G80: Speler | J80: =Worksheet!C80&" "&Worksheet!B80 -> Iris Calewaert | K80: =IF(Worksheet!P80<>"",Worksheet!P80,IF(Worksheet!R80<>"",Worksheet!R80,IF(Worksheet!T80<>"",Worksheet!T80,""))) | L80: =IF(AND(Worksheet!V80<>"",Worksheet!V80<>0),Worksheet!V80&"",IF(AND(Worksheet!X80<>"",Worksheet!X80<>0),Worksheet!X80&"",IF(AND(Worksheet!Z80<>"",Worksheet!Z80<>0),Worksheet!Z80&"",""))) | M80: =IF(Worksheet!AE80="","",Worksheet!AE80) | N80: =IF(Worksheet!AG80="","",Worksheet!AG80) -> 622248 | O80: =IF(Worksheet!AJ80="","",Worksheet!AJ80) -> M12 A HAANTJES CERTIFISC OUDENAARDE | P80: =IF(Worksheet!AK80="","",Worksheet!AK80) -> Coach
A81: Sofian D'Haenen | F81: HSE B Haantjes Certifisc Oudenaarde | G81: Speler | J81: =Worksheet!C81&" "&Worksheet!B81 -> Louise Callens | K81: =IF(Worksheet!P81<>"",Worksheet!P81,IF(Worksheet!R81<>"",Worksheet!R81,IF(Worksheet!T81<>"",Worksheet!T81,""))) -> koencallens@msn.com | L81: =IF(AND(Worksheet!V81<>"",Worksheet!V81<>0),Worksheet!V81&"",IF(AND(Worksheet!X81<>"",Worksheet!X81<>0),Worksheet!X81&"",IF(AND(Worksheet!Z81<>"",Worksheet!Z81<>0),Worksheet!Z81&"",""))) -> 0478885199 | M81: =IF(Worksheet!AE81="","",Worksheet!AE81) | N81: =IF(Worksheet!AG81="","",Worksheet!AG81) | O81: =IF(Worksheet!AJ81="","",Worksheet!AJ81) | P81: =IF(Worksheet!AK81="","",Worksheet!AK81)
A82: Yunus D'Haenen | F82: J18 A Haantjes CERTIFISC Oudenaarde | G82: Speler | J82: =Worksheet!C82&" "&Worksheet!B82 -> Gabriël Camua | K82: =IF(Worksheet!P82<>"",Worksheet!P82,IF(Worksheet!R82<>"",Worksheet!R82,IF(Worksheet!T82<>"",Worksheet!T82,""))) | L82: =IF(AND(Worksheet!V82<>"",Worksheet!V82<>0),Worksheet!V82&"",IF(AND(Worksheet!X82<>"",Worksheet!X82<>0),Worksheet!X82&"",IF(AND(Worksheet!Z82<>"",Worksheet!Z82<>0),Worksheet!Z82&"",""))) -> 475821346 | M82: =IF(Worksheet!AE82="","",Worksheet!AE82) | N82: =IF(Worksheet!AG82="","",Worksheet!AG82) | O82: =IF(Worksheet!AJ82="","",Worksheet!AJ82) | P82: =IF(Worksheet!AK82="","",Worksheet!AK82)
A83: Yunus D'Haenen | F83: Zomerstage 2026 (Blankenberge) | G83: Speler | J83: =Worksheet!C83&" "&Worksheet!B83 -> Thomas Cardon | K83: =IF(Worksheet!P83<>"",Worksheet!P83,IF(Worksheet!R83<>"",Worksheet!R83,IF(Worksheet!T83<>"",Worksheet!T83,""))) | L83: =IF(AND(Worksheet!V83<>"",Worksheet!V83<>0),Worksheet!V83&"",IF(AND(Worksheet!X83<>"",Worksheet!X83<>0),Worksheet!X83&"",IF(AND(Worksheet!Z83<>"",Worksheet!Z83<>0),Worksheet!Z83&"",""))) | M83: =IF(Worksheet!AE83="","",Worksheet!AE83) -> https://app.twizzit.com/public/photos/2182541/s/ad278a1858d3fc927675b6581e22f467523759f0.png | N83: =IF(Worksheet!AG83="","",Worksheet!AG83) -> 726667 | O83: =IF(Worksheet!AJ83="","",Worksheet!AJ83) | P83: =IF(Worksheet!AK83="","",Worksheet!AK83)
A84: Karen Dans | C84: 320494698322 | D84: https://app.twizzit.com/public/photos/2182586/s/3c061ecaa7eb60b4e8b27f2490fa3fff24778b0c.png | E84: 220520 | F84: DSE A Haantjes Certifisc Oudenaarde | G84: Speler | J84: =Worksheet!C84&" "&Worksheet!B84 -> Cézan Castelain | K84: =IF(Worksheet!P84<>"",Worksheet!P84,IF(Worksheet!R84<>"",Worksheet!R84,IF(Worksheet!T84<>"",Worksheet!T84,""))) | L84: =IF(AND(Worksheet!V84<>"",Worksheet!V84<>0),Worksheet!V84&"",IF(AND(Worksheet!X84<>"",Worksheet!X84<>0),Worksheet!X84&"",IF(AND(Worksheet!Z84<>"",Worksheet!Z84<>0),Worksheet!Z84&"",""))) -> 0499418414 | M84: =IF(Worksheet!AE84="","",Worksheet!AE84) | N84: =IF(Worksheet!AG84="","",Worksheet!AG84) -> 739375 | O84: =IF(Worksheet!AJ84="","",Worksheet!AJ84) | P84: =IF(Worksheet!AK84="","",Worksheet!AK84)
A85: Karen Dans | C85: 320494698322 | D85: https://app.twizzit.com/public/photos/2182586/s/3c061ecaa7eb60b4e8b27f2490fa3fff24778b0c.png | E85: 220520 | F85: M10 HAANTJES CERTIFISC OUDENAARDE | G85: Coach | J85: =Worksheet!C85&" "&Worksheet!B85 -> Feliz Castelain | K85: =IF(Worksheet!P85<>"",Worksheet!P85,IF(Worksheet!R85<>"",Worksheet!R85,IF(Worksheet!T85<>"",Worksheet!T85,""))) | L85: =IF(AND(Worksheet!V85<>"",Worksheet!V85<>0),Worksheet!V85&"",IF(AND(Worksheet!X85<>"",Worksheet!X85<>0),Worksheet!X85&"",IF(AND(Worksheet!Z85<>"",Worksheet!Z85<>0),Worksheet!Z85&"",""))) -> 0499418414 | M85: =IF(Worksheet!AE85="","",Worksheet!AE85) -> https://app.twizzit.com/public/photos/2182546/s/9bde50d70ec897c3545fc312ea9113a20df6bb57.jpeg | N85: =IF(Worksheet!AG85="","",Worksheet!AG85) -> 730457 | O85: =IF(Worksheet!AJ85="","",Worksheet!AJ85) | P85: =IF(Worksheet!AK85="","",Worksheet!AK85)
A86: Mauro Darragas | B86: Ben_darragas@hotmail.com | C86: 473806201 | F86: G14 B Haantjes CERTIFISC Oudenaarde | G86: Speler | J86: =Worksheet!C86&" "&Worksheet!B86 -> Jonas Castelain | K86: =IF(Worksheet!P86<>"",Worksheet!P86,IF(Worksheet!R86<>"",Worksheet!R86,IF(Worksheet!T86<>"",Worksheet!T86,""))) | L86: =IF(AND(Worksheet!V86<>"",Worksheet!V86<>0),Worksheet!V86&"",IF(AND(Worksheet!X86<>"",Worksheet!X86<>0),Worksheet!X86&"",IF(AND(Worksheet!Z86<>"",Worksheet!Z86<>0),Worksheet!Z86&"",""))) -> 32495228616 | M86: =IF(Worksheet!AE86="","",Worksheet!AE86) -> https://app.twizzit.com/public/photos/4076852/s/61b60ceb37e0ad4e63ab95460de787c3e165b233.png | N86: =IF(Worksheet!AG86="","",Worksheet!AG86) -> 222444 | O86: =IF(Worksheet!AJ86="","",Worksheet!AJ86) | P86: =IF(Worksheet!AK86="","",Worksheet!AK86)
A87: Pip Dawyndt | C87: 0473746819 | E87: 745355 | F87: M16 A Haantjes CERTIFISC Oudenaarde | G87: Speler | J87: =Worksheet!C87&" "&Worksheet!B87 -> Leon Castelain | K87: =IF(Worksheet!P87<>"",Worksheet!P87,IF(Worksheet!R87<>"",Worksheet!R87,IF(Worksheet!T87<>"",Worksheet!T87,""))) | L87: =IF(AND(Worksheet!V87<>"",Worksheet!V87<>0),Worksheet!V87&"",IF(AND(Worksheet!X87<>"",Worksheet!X87<>0),Worksheet!X87&"",IF(AND(Worksheet!Z87<>"",Worksheet!Z87<>0),Worksheet!Z87&"",""))) -> 32495228616 | M87: =IF(Worksheet!AE87="","",Worksheet!AE87) -> https://app.twizzit.com/public/photos/3486565/s/dbc5287e080bfa9acd16205b0ef6339800e0ffb6.png | N87: =IF(Worksheet!AG87="","",Worksheet!AG87) -> 762623 | O87: =IF(Worksheet!AJ87="","",Worksheet!AJ87) -> G10 Geel HAANTJES CERTIFISC OUDENAARDE | P87: =IF(Worksheet!AK87="","",Worksheet!AK87) -> Speler
A88: Pip Dawyndt | C88: 0473746819 | E88: 745355 | F88: Zomerstage 2026 (Blankenberge) | G88: Speler | J88: =Worksheet!C88&" "&Worksheet!B88 -> Leon Castelain | K88: =IF(Worksheet!P88<>"",Worksheet!P88,IF(Worksheet!R88<>"",Worksheet!R88,IF(Worksheet!T88<>"",Worksheet!T88,""))) | L88: =IF(AND(Worksheet!V88<>"",Worksheet!V88<>0),Worksheet!V88&"",IF(AND(Worksheet!X88<>"",Worksheet!X88<>0),Worksheet!X88&"",IF(AND(Worksheet!Z88<>"",Worksheet!Z88<>0),Worksheet!Z88&"",""))) -> 32495228616 | M88: =IF(Worksheet!AE88="","",Worksheet!AE88) -> https://app.twizzit.com/public/photos/3486565/s/dbc5287e080bfa9acd16205b0ef6339800e0ffb6.png | N88: =IF(Worksheet!AG88="","",Worksheet!AG88) -> 762623 | O88: =IF(Worksheet!AJ88="","",Worksheet!AJ88) -> Zomerstage 2026 U10 & U12 (Oudenaarde) | P88: =IF(Worksheet!AK88="","",Worksheet!AK88) -> Speler
A89: Louis De Baere | C89: 0491029558 | F89: HSE C Haantjes Certifisc Oudenaarde | G89: Speler | J89: =Worksheet!C89&" "&Worksheet!B89 -> Odet Castelain | K89: =IF(Worksheet!P89<>"",Worksheet!P89,IF(Worksheet!R89<>"",Worksheet!R89,IF(Worksheet!T89<>"",Worksheet!T89,""))) -> evelyn.demesel@hotmail.be | L89: =IF(AND(Worksheet!V89<>"",Worksheet!V89<>0),Worksheet!V89&"",IF(AND(Worksheet!X89<>"",Worksheet!X89<>0),Worksheet!X89&"",IF(AND(Worksheet!Z89<>"",Worksheet!Z89<>0),Worksheet!Z89&"",""))) -> 32495228616 | M89: =IF(Worksheet!AE89="","",Worksheet!AE89) | N89: =IF(Worksheet!AG89="","",Worksheet!AG89) | O89: =IF(Worksheet!AJ89="","",Worksheet!AJ89) -> Balschool U6 | P89: =IF(Worksheet!AK89="","",Worksheet!AK89) -> Speler
A90: David De Brabander | C90: 0478251758 | D90: https://app.twizzit.com/public/photos/4024795/s/7af12ff114d5d53515b4f220ddc6cdb6ff121519.png | E90: 32746 | F90: J21 A HAANTJES CERTIFISC OUDENAARDE | G90: Coach | J90: =Worksheet!C90&" "&Worksheet!B90 -> Simon Castelain | K90: =IF(Worksheet!P90<>"",Worksheet!P90,IF(Worksheet!R90<>"",Worksheet!R90,IF(Worksheet!T90<>"",Worksheet!T90,""))) | L90: =IF(AND(Worksheet!V90<>"",Worksheet!V90<>0),Worksheet!V90&"",IF(AND(Worksheet!X90<>"",Worksheet!X90<>0),Worksheet!X90&"",IF(AND(Worksheet!Z90<>"",Worksheet!Z90<>0),Worksheet!Z90&"",""))) | M90: =IF(Worksheet!AE90="","",Worksheet!AE90) | N90: =IF(Worksheet!AG90="","",Worksheet!AG90) -> 20587 | O90: =IF(Worksheet!AJ90="","",Worksheet!AJ90) | P90: =IF(Worksheet!AK90="","",Worksheet!AK90)
A91: David De Brabander | C91: 0478251758 | D91: https://app.twizzit.com/public/photos/4024795/s/7af12ff114d5d53515b4f220ddc6cdb6ff121519.png | E91: 32746 | F91: Zomerstage 2026 (Blankenberge) | G91: Coach | J91: =Worksheet!C91&" "&Worksheet!B91 -> Bart Cattoir | K91: =IF(Worksheet!P91<>"",Worksheet!P91,IF(Worksheet!R91<>"",Worksheet!R91,IF(Worksheet!T91<>"",Worksheet!T91,""))) | L91: =IF(AND(Worksheet!V91<>"",Worksheet!V91<>0),Worksheet!V91&"",IF(AND(Worksheet!X91<>"",Worksheet!X91<>0),Worksheet!X91&"",IF(AND(Worksheet!Z91<>"",Worksheet!Z91<>0),Worksheet!Z91&"",""))) | M91: =IF(Worksheet!AE91="","",Worksheet!AE91) | N91: =IF(Worksheet!AG91="","",Worksheet!AG91) -> 20854 | O91: =IF(Worksheet!AJ91="","",Worksheet!AJ91) -> DSE A Haantjes Certifisc Oudenaarde | P91: =IF(Worksheet!AK91="","",Worksheet!AK91) -> Coach
A92: David De Brabander | C92: 0478251758 | D92: https://app.twizzit.com/public/photos/4024795/s/7af12ff114d5d53515b4f220ddc6cdb6ff121519.png | E92: 32746 | F92: HSE B Haantjes Certifisc Oudenaarde | G92: Coach | J92: =Worksheet!C92&" "&Worksheet!B92 -> Jonah Cattoir | K92: =IF(Worksheet!P92<>"",Worksheet!P92,IF(Worksheet!R92<>"",Worksheet!R92,IF(Worksheet!T92<>"",Worksheet!T92,""))) | L92: =IF(AND(Worksheet!V92<>"",Worksheet!V92<>0),Worksheet!V92&"",IF(AND(Worksheet!X92<>"",Worksheet!X92<>0),Worksheet!X92&"",IF(AND(Worksheet!Z92<>"",Worksheet!Z92<>0),Worksheet!Z92&"",""))) | M92: =IF(Worksheet!AE92="","",Worksheet!AE92) | N92: =IF(Worksheet!AG92="","",Worksheet!AG92) | O92: =IF(Worksheet!AJ92="","",Worksheet!AJ92) -> G08 Geel HAANTJES CERTIFISC OUDENAARDE | P92: =IF(Worksheet!AK92="","",Worksheet!AK92) -> Coach
A93: David De Brabander | C93: 0478251758 | D93: https://app.twizzit.com/public/photos/4024795/s/7af12ff114d5d53515b4f220ddc6cdb6ff121519.png | E93: 32746 | F93: J18 A Haantjes CERTIFISC Oudenaarde | G93: Coach | J93: =Worksheet!C93&" "&Worksheet!B93 -> Jonah Cattoir | K93: =IF(Worksheet!P93<>"",Worksheet!P93,IF(Worksheet!R93<>"",Worksheet!R93,IF(Worksheet!T93<>"",Worksheet!T93,""))) | L93: =IF(AND(Worksheet!V93<>"",Worksheet!V93<>0),Worksheet!V93&"",IF(AND(Worksheet!X93<>"",Worksheet!X93<>0),Worksheet!X93&"",IF(AND(Worksheet!Z93<>"",Worksheet!Z93<>0),Worksheet!Z93&"",""))) | M93: =IF(Worksheet!AE93="","",Worksheet!AE93) | N93: =IF(Worksheet!AG93="","",Worksheet!AG93) | O93: =IF(Worksheet!AJ93="","",Worksheet!AJ93) -> J16 A Haantjes CERTIFISC Oudenaarde | P93: =IF(Worksheet!AK93="","",Worksheet!AK93) -> Speler
A94: Milan De Brabander | B94: Dorinne.reynen@gmail.com | C94: 0473865789 | D94: https://app.twizzit.com/public/photos/3519915/s/cb4bbdba90c700302dcd9548901e284ce021df92.jpeg | E94: 748910 | F94: J18 A Haantjes CERTIFISC Oudenaarde | G94: Speler | J94: =Worksheet!C94&" "&Worksheet!B94 -> Jonah Cattoir | K94: =IF(Worksheet!P94<>"",Worksheet!P94,IF(Worksheet!R94<>"",Worksheet!R94,IF(Worksheet!T94<>"",Worksheet!T94,""))) | L94: =IF(AND(Worksheet!V94<>"",Worksheet!V94<>0),Worksheet!V94&"",IF(AND(Worksheet!X94<>"",Worksheet!X94<>0),Worksheet!X94&"",IF(AND(Worksheet!Z94<>"",Worksheet!Z94<>0),Worksheet!Z94&"",""))) | M94: =IF(Worksheet!AE94="","",Worksheet!AE94) | N94: =IF(Worksheet!AG94="","",Worksheet!AG94) | O94: =IF(Worksheet!AJ94="","",Worksheet!AJ94) -> Zomerstage 2026 (Blankenberge) | P94: =IF(Worksheet!AK94="","",Worksheet!AK94) -> Speler
A95: Milan De Brabander | B95: Dorinne.reynen@gmail.com | C95: 0473865789 | D95: https://app.twizzit.com/public/photos/3519915/s/cb4bbdba90c700302dcd9548901e284ce021df92.jpeg | E95: 748910 | F95: HSE B Haantjes Certifisc Oudenaarde | G95: Speler | J95: =Worksheet!C95&" "&Worksheet!B95 -> Lasse Cattoir | K95: =IF(Worksheet!P95<>"",Worksheet!P95,IF(Worksheet!R95<>"",Worksheet!R95,IF(Worksheet!T95<>"",Worksheet!T95,""))) | L95: =IF(AND(Worksheet!V95<>"",Worksheet!V95<>0),Worksheet!V95&"",IF(AND(Worksheet!X95<>"",Worksheet!X95<>0),Worksheet!X95&"",IF(AND(Worksheet!Z95<>"",Worksheet!Z95<>0),Worksheet!Z95&"",""))) | M95: =IF(Worksheet!AE95="","",Worksheet!AE95) -> https://app.twizzit.com/public/photos/9522553/s/70d508b65eaba88af49f20bd545e119d36420c07.png | N95: =IF(Worksheet!AG95="","",Worksheet!AG95) | O95: =IF(Worksheet!AJ95="","",Worksheet!AJ95) -> G08 Geel HAANTJES CERTIFISC OUDENAARDE | P95: =IF(Worksheet!AK95="","",Worksheet!AK95) -> Speler
A96: Camiel De Clercq | C96: 00499129081 | F96: HSE C Haantjes Certifisc Oudenaarde | G96: Speler | J96: =Worksheet!C96&" "&Worksheet!B96 -> Lasse Cattoir | K96: =IF(Worksheet!P96<>"",Worksheet!P96,IF(Worksheet!R96<>"",Worksheet!R96,IF(Worksheet!T96<>"",Worksheet!T96,""))) | L96: =IF(AND(Worksheet!V96<>"",Worksheet!V96<>0),Worksheet!V96&"",IF(AND(Worksheet!X96<>"",Worksheet!X96<>0),Worksheet!X96&"",IF(AND(Worksheet!Z96<>"",Worksheet!Z96<>0),Worksheet!Z96&"",""))) | M96: =IF(Worksheet!AE96="","",Worksheet!AE96) -> https://app.twizzit.com/public/photos/9522553/s/70d508b65eaba88af49f20bd545e119d36420c07.png | N96: =IF(Worksheet!AG96="","",Worksheet!AG96) | O96: =IF(Worksheet!AJ96="","",Worksheet!AJ96) -> Zomerstage 2026 U8 (Oudenaarde) | P96: =IF(Worksheet!AK96="","",Worksheet!AK96) -> Speler
A97: Mathieu De Clercq | C97: 0495786491 | E97: 600191 | F97: HSE B Haantjes Certifisc Oudenaarde | G97: Speler | J97: =Worksheet!C97&" "&Worksheet!B97 -> Ahmed Chaouch | K97: =IF(Worksheet!P97<>"",Worksheet!P97,IF(Worksheet!R97<>"",Worksheet!R97,IF(Worksheet!T97<>"",Worksheet!T97,""))) | L97: =IF(AND(Worksheet!V97<>"",Worksheet!V97<>0),Worksheet!V97&"",IF(AND(Worksheet!X97<>"",Worksheet!X97<>0),Worksheet!X97&"",IF(AND(Worksheet!Z97<>"",Worksheet!Z97<>0),Worksheet!Z97&"",""))) -> 320498674854 | M97: =IF(Worksheet!AE97="","",Worksheet!AE97) | N97: =IF(Worksheet!AG97="","",Worksheet!AG97) -> 618749 | O97: =IF(Worksheet!AJ97="","",Worksheet!AJ97) | P97: =IF(Worksheet!AK97="","",Worksheet!AK97)
A98: Robbe De Clercq | E98: 631328 | F98: HSE C Haantjes Certifisc Oudenaarde | G98: Speler | J98: =Worksheet!C98&" "&Worksheet!B98 -> Luca Christiaens | K98: =IF(Worksheet!P98<>"",Worksheet!P98,IF(Worksheet!R98<>"",Worksheet!R98,IF(Worksheet!T98<>"",Worksheet!T98,""))) -> Christiaens.jan@skynet.be | L98: =IF(AND(Worksheet!V98<>"",Worksheet!V98<>0),Worksheet!V98&"",IF(AND(Worksheet!X98<>"",Worksheet!X98<>0),Worksheet!X98&"",IF(AND(Worksheet!Z98<>"",Worksheet!Z98<>0),Worksheet!Z98&"",""))) -> 32486926070 | M98: =IF(Worksheet!AE98="","",Worksheet!AE98) -> https://app.twizzit.com/public/photos/6352973/s/e9e52d61f1e32c98f69949c0179e81da5763fe5f.png | N98: =IF(Worksheet!AG98="","",Worksheet!AG98) -> 736728 | O98: =IF(Worksheet!AJ98="","",Worksheet!AJ98) | P98: =IF(Worksheet!AK98="","",Worksheet!AK98)
A99: Tybe De Clercq | B99: freyadesmet@hotmail.com | C99: 0476214551 | F99: G08 Blauw HAANTJES CERTIFISC OUDENAARDE | G99: Speler | J99: =Worksheet!C99&" "&Worksheet!B99 -> Arne Claes | K99: =IF(Worksheet!P99<>"",Worksheet!P99,IF(Worksheet!R99<>"",Worksheet!R99,IF(Worksheet!T99<>"",Worksheet!T99,""))) | L99: =IF(AND(Worksheet!V99<>"",Worksheet!V99<>0),Worksheet!V99&"",IF(AND(Worksheet!X99<>"",Worksheet!X99<>0),Worksheet!X99&"",IF(AND(Worksheet!Z99<>"",Worksheet!Z99<>0),Worksheet!Z99&"",""))) | M99: =IF(Worksheet!AE99="","",Worksheet!AE99) | N99: =IF(Worksheet!AG99="","",Worksheet!AG99) -> 652122 | O99: =IF(Worksheet!AJ99="","",Worksheet!AJ99) | P99: =IF(Worksheet!AK99="","",Worksheet!AK99)
A100: Tybe De Clercq | B100: freyadesmet@hotmail.com | C100: 0476214551 | F100: Zomerstage 2026 U8 (Oudenaarde) | G100: Speler | J100: =Worksheet!C100&" "&Worksheet!B100 -> Alice Cokelaere | K100: =IF(Worksheet!P100<>"",Worksheet!P100,IF(Worksheet!R100<>"",Worksheet!R100,IF(Worksheet!T100<>"",Worksheet!T100,""))) -> sofie.pattyn@telenet.be | L100: =IF(AND(Worksheet!V100<>"",Worksheet!V100<>0),Worksheet!V100&"",IF(AND(Worksheet!X100<>"",Worksheet!X100<>0),Worksheet!X100&"",IF(AND(Worksheet!Z100<>"",Worksheet!Z100<>0),Worksheet!Z100&"",""))) -> 0477681738 | M100: =IF(Worksheet!AE100="","",Worksheet!AE100) | N100: =IF(Worksheet!AG100="","",Worksheet!AG100) -> 669074 | O100: =IF(Worksheet!AJ100="","",Worksheet!AJ100) -> DSE A Haantjes Certifisc Oudenaarde | P100: =IF(Worksheet!AK100="","",Worksheet!AK100) -> Speler
...

Sheet Sorted by Team
A1: Naam | B1: Email | C1: Mobiel | D1: Profielfoto | E1: Lidnummer | F1: 2026-2027 | G1: Functie
A2: {=_xlfn._xlws.SORT('Speler-Coach'!A2:G394,6,1)} -> Odet Castelain | B2: evelyn.demesel@hotmail.be | C2: 32495228616 | F2: Balschool U6 | G2: Speler
A3: Cécile De Groote Hoebeke | B3: hoebekehanne@gmail.com | C3: 0473630733 | F3: Balschool U6 | G3: Speler
A4: Mauro De Leersnyder | B4: joke.toye@gmail.com | C4: 0475403946 | F4: Balschool U6 | G4: Speler
A5: Rami Decock | B5: decock.anthony07@gmail.com | C5: 049819525 | F5: Balschool U6 | G5: Speler
A6: Jakob Delbaere | C6: 0474233989 | F6: Balschool U6 | G6: Speler
A7: Cérile Doublet | B7: doubletbenoit@msn.com | C7: 0472578222 | F7: Balschool U6 | G7: Speler
A8: Cas Elyn | B8: lievemoyaert@icloud.com | C8: 0495653737 | F8: Balschool U6 | G8: Speler
A9: Tiaz Molly | B9: Molly.diederick@gmail.com | C9: 0494605068 | F9: Balschool U6 | G9: Speler
A10: Alba Slembrouck | B10: alexandra-kemp@hotmail.com | C10: 00472902002 | F10: Balschool U6 | G10: Speler
A11: Lily Adam | B11: Koenadam78@gmail.com | C11: 0476837352 | D11: https://app.twizzit.com/public/photos/2182441/s/eec7946e1a9e80461f26752840c4aedc7d235bab.jpeg | E11: 728412 | F11: DSE A Haantjes Certifisc Oudenaarde | G11: Speler
A12: Janna Bauters | C12: 474344132 | D12: https://app.twizzit.com/public/photos/2182476/s/d120dcfc0ec82f0d803829f917b4287681f3dd01.png | E12: 280371 | F12: DSE A Haantjes Certifisc Oudenaarde | G12: Speler
A13: Marie Bourdeaud'hui | C13: 32572791 | D13: https://app.twizzit.com/public/photos/2182516/s/0d7291570c9e5cf142cd892c8fd7ace8c517270a.png | E13: 714083 | F13: DSE A Haantjes Certifisc Oudenaarde | G13: Speler
A14: Aishatu Lieve Buadee | C14: 0496745543 | F14: DSE A Haantjes Certifisc Oudenaarde | G14: Speler
A15: Iris Calewaert | E15: 622248 | F15: DSE A Haantjes Certifisc Oudenaarde | G15: Speler
A16: Bart Cattoir | E16: 20854 | F16: DSE A Haantjes Certifisc Oudenaarde | G16: Coach
A17: Alice Cokelaere | B17: sofie.pattyn@telenet.be | C17: 0477681738 | E17: 669074 | F17: DSE A Haantjes Certifisc Oudenaarde | G17: Speler
A18: Karen Dans | C18: 320494698322 | D18: https://app.twizzit.com/public/photos/2182586/s/3c061ecaa7eb60b4e8b27f2490fa3fff24778b0c.png | E18: 220520 | F18: DSE A Haantjes Certifisc Oudenaarde | G18: Speler
A19: Kimberley De Smet | D19: https://app.twizzit.com/public/photos/2182696/s/b3404003062e85e1b45f5fca9b0565fe70029286.png | E19: 266618 | F19: DSE A Haantjes Certifisc Oudenaarde | G19: Speler
A20: Heike Guenter | B20: Heike.guenter@telenet.be | C20: 0474664394 | E20: 727038 | F20: DSE A Haantjes Certifisc Oudenaarde | G20: Speler
A21: Lente Verhaeghe | B21: achiel.en.hector@hotmail.com | D21: https://app.twizzit.com/public/photos/3706826/s/7283d518f82547e0fb530790cddedb0edf0a5785.jpeg | F21: DSE A Haantjes Certifisc Oudenaarde | G21: Speler
A22: Tybe De Clercq | B22: freyadesmet@hotmail.com | C22: 0476214551 | F22: G08 Blauw HAANTJES CERTIFISC OUDENAARDE | G22: Speler
A23: Jef Lauwereins | B23: lauwereins.steven@gmail.com | C23: 0474317844 | F23: G08 Blauw HAANTJES CERTIFISC OUDENAARDE | G23: Speler
A24: Juul Messeeuw | B24: lynnvdwiele@hotmail.com | C24: 0486610793 | F24: G08 Blauw HAANTJES CERTIFISC OUDENAARDE | G24: Speler
A25: Rover Naessens | B25: deesnaessens@hotmail.com | C25: 0495844733 | D25: https://app.twizzit.com/public/photos/7328405/s/a238a3bac0fa83cb173f769b5ce64dd7bdebab6d.jpeg | F25: G08 Blauw HAANTJES CERTIFISC OUDENAARDE | G25: Speler
A26: Théo Parmentier | B26: jensparmentier@gmail.com | C26: 0498076133 | F26: G08 Blauw HAANTJES CERTIFISC OUDENAARDE | G26: Speler
A27: Thibaut Sadaune | B27: bartsadaune@hotmail.com | C27: 32494904656 | D27: https://app.twizzit.com/public/photos/8418475/s/c44854e7fe4ecdd14617bb0fe2e99a30f0cedc15.jpeg | F27: G08 Blauw HAANTJES CERTIFISC OUDENAARDE | G27: Speler
A28: Aster Van Cauwenberghe | C28: 0476529185 | D28: https://app.twizzit.com/public/photos/6080950/s/e37d4499e2422d263ca72ca5adc1adb614aa1f40.jpeg | E28: 768928 | F28: G08 Blauw HAANTJES CERTIFISC OUDENAARDE | G28: Speler
A29: Lander Van De Maele | B29: jensvdmaele@gmail.com | C29: 0479246218 | D29: https://app.twizzit.com/public/photos/10715682/s/9ac40a7d3bcb76b36d9290dcb9c3bcdc167e2add.jpeg | F29: G08 Blauw HAANTJES CERTIFISC OUDENAARDE | G29: Speler
A30: Ronan Vanneste | B30: Koen.vanneste.k@gmail.com | C30: 0476974657 | D30: https://app.twizzit.com/public/photos/7992424/s/7741759047d554aed7aaac84a694a4ea4a62b085.jpeg | F30: G08 Blauw HAANTJES CERTIFISC OUDENAARDE | G30: Speler
A31: Océane Wisbecq | B31: jasper.wisbecq@hotmail.com | C31: 0472459757 | F31: G08 Blauw HAANTJES CERTIFISC OUDENAARDE | G31: Speler
A32: Joppe Beeckman | B32: ppoitiez@hotmail.com | C32: 0486440775 | D32: https://app.twizzit.com/public/photos/7329719/s/3900de37cfdf557a3c2ce4dcb1b36ecfefd6df85.png | F32: G08 Geel HAANTJES CERTIFISC OUDENAARDE | G32: Speler
A33: Leon Boone | B33: dieter.boone@telenet.be | C33: 0496024078 | F33: G08 Geel HAANTJES CERTIFISC OUDENAARDE | G33: Speler
A34: Jonah Cattoir | F34: G08 Geel HAANTJES CERTIFISC OUDENAARDE | G34: Coach
A35: Lasse Cattoir | D35: https://app.twizzit.com/public/photos/9522553/s/70d508b65eaba88af49f20bd545e119d36420c07.png | F35: G08 Geel HAANTJES CERTIFISC OUDENAARDE | G35: Speler
A36: Madelein De Groote Hoebeke | B36: hoebekehanne@gmail.com | C36: 0473630733 | D36: https://app.twizzit.com/public/photos/7992432/s/9093b3c321ebca1981daea541211e5a7f8dcd3e7.png | F36: G08 Geel HAANTJES CERTIFISC OUDENAARDE | G36: Speler
A37: Elli De Zitter | B37: de.zitter.steve@gmail.com | C37: 0473423222 | F37: G08 Geel HAANTJES CERTIFISC OUDENAARDE | G37: Speler
A38: Gust Dupont | B38: sarah.verhellen@hotmail.com | C38: 0470112368 | F38: G08 Geel HAANTJES CERTIFISC OUDENAARDE | G38: Speler
A39: Robin Elyn | B39: lievemoyaert@icloud.com | C39: 0495653737 | F39: G08 Geel HAANTJES CERTIFISC OUDENAARDE | G39: Speler
A40: Oskar Luyten | B40: liesbeth_boudrez@hotmail.be | C40: 32499650150 | D40: https://app.twizzit.com/public/photos/6067218/s/05d3b6d34153ded2c11249ae66f232311ce5df9d.jpeg | F40: G08 Geel HAANTJES CERTIFISC OUDENAARDE | G40: Speler
A41: Ilaï Van De Walle | C41: 0474818195 | F41: G08 Geel HAANTJES CERTIFISC OUDENAARDE | G41: Speler
A42: Lowie Van Nieuwenhuyze | B42: pietervannieuwenhuyze1984@gmail.com | C42: 0499272428 | F42: G08 Geel HAANTJES CERTIFISC OUDENAARDE | G42: Speler
A43: Auguste Vanderschueren | B43: olivier.vanderschueren@safetyjogger.com | F43: G08 Geel HAANTJES CERTIFISC OUDENAARDE | G43: Speler
A44: Debbie Verhelst | E44: 181550 | F44: G08 Geel HAANTJES CERTIFISC OUDENAARDE | G44: Coach
A45: Basiel Vossen | B45: pieterpaulvossen@hotmail.com | C45: 0474575676 | F45: G08 Geel HAANTJES CERTIFISC OUDENAARDE | G45: Speler
A46: Maurice Boonaert | B46: reggyboonaert@outlook.be | C46: 0478731137 | F46: G08 Groen HAANTJES CERTIFISC OUDENAARDE | G46: Speler
A47: Tille Debouverie | B47: debouverieryan@gmail.com | C47: 32474278078 | D47: https://app.twizzit.com/public/photos/10452578/s/292aacecec7d92bf38572d240646cc8a5ea5dc01.png | F47: G08 Groen HAANTJES CERTIFISC OUDENAARDE | G47: Speler
A48: Julian Moerman | B48: mirkomoerman@hotmail.com | C48: 0495423490 | F48: G08 Groen HAANTJES CERTIFISC OUDENAARDE | G48: Speler
A49: George O'Reilly | B49: danieloreilly22@yahoo.ie | C49: 0494886713 | F49: G08 Groen HAANTJES CERTIFISC OUDENAARDE | G49: Speler
A50: Romée Slembrouck | B50: alexandra-kemp@hotmail.com | C50: 0472902002 | D50: https://app.twizzit.com/public/photos/7328316/s/d832d97a4d222f65f11eb5051494f0f7bb0f899d.png | F50: G08 Groen HAANTJES CERTIFISC OUDENAARDE | G50: Speler
A51: Juul Torrekens | C51: 0491736700 | D51: https://app.twizzit.com/public/photos/10452742/s/6c5cf54cdc2121df9ea81aa430b2b5f8abe2c81a.jpeg | F51: G08 Groen HAANTJES CERTIFISC OUDENAARDE | G51: Speler
A52: Mali-June Van Dorpe | B52: tracy.desmet@hotmail.com | C52: 0485650671 | F52: G08 Groen HAANTJES CERTIFISC OUDENAARDE | G52: Speler
A53: Flo Vandewege | B53: diedev@hotmail.com | C53: 0496432106 | D53: https://app.twizzit.com/public/photos/10452584/s/5f2777167147a40d5e0cdf16d10044b2680e0e8c.png | F53: G08 Groen HAANTJES CERTIFISC OUDENAARDE | G53: Speler
A54: Charlotte Verschueren | C54: 320474278078 | D54: https://app.twizzit.com/public/photos/2183447/s/1f201bfdf86762e0642c70c1aa487baf5ab852bb.png | E54: 241914 | F54: G08 Groen HAANTJES CERTIFISC OUDENAARDE | G54: Coach
A55: Senn Anseeuw | B55: matthias.anseeuw@telenet.be | C55: 0497023380 | D55: https://app.twizzit.com/public/photos/4421954/s/39c1d6c08bc84b336f4c340a175719810e926066.png | F55: G10 Blauw HAANTJES CERTIFISC OUDENAARDE | G55: Speler
A56: Arthur Crombez | C56: 0478792675 | D56: https://app.twizzit.com/public/photos/7501921/s/cda3c2c21188914d3908db110c011be3c8f5a13d.png | F56: G10 Blauw HAANTJES CERTIFISC OUDENAARDE | G56: Speler
A57: Maurice Debels | C57: 0476521616 | D57: https://app.twizzit.com/public/photos/7307064/s/62a20fb436e1f6920a77ad9e4cd715a7e88bd1d1.png | F57: G10 Blauw HAANTJES CERTIFISC OUDENAARDE | G57: Speler
A58: Egemen Durhan | B58: ibosabrie06@gmail.com | C58: 0491630885 | D58: https://app.twizzit.com/public/photos/5748750/s/6a03612f72e189fb2a542ac535552aede78aad3f.png | F58: G10 Blauw HAANTJES CERTIFISC OUDENAARDE | G58: Speler
A59: Viktor Guillaume | B59: Dieter.Guillaume@gmail.com | C59: 0489100744 | F59: G10 Blauw HAANTJES CERTIFISC OUDENAARDE | G59: Speler
A60: Lothar Lemaire | B60: huglemaire@hotmail.com | C60: 0485677282 | D60: https://app.twizzit.com/public/photos/9680220/s/630006e9802fd7af81a6784302b397c8d31a519e.jpeg | F60: G10 Blauw HAANTJES CERTIFISC OUDENAARDE | G60: Speler
A61: Victor Libert | C61: 0473780275 | D61: https://app.twizzit.com/public/photos/7493172/s/6235261693b78c2a6b1d4ecbb92a61770437eca9.jpeg | F61: G10 Blauw HAANTJES CERTIFISC OUDENAARDE | G61: Speler
A62: Marte Mechant | B62: jme.basket@telenet.be | C62: 32470449365 | E62: 665060 | F62: G10 Blauw HAANTJES CERTIFISC OUDENAARDE | G62: Coach
A63: Lucas Molly | B63: Molly.diederick@gmail.com | C63: 0494605068 | D63: https://app.twizzit.com/public/photos/3485821/s/5f632eac97edae595ea1c86f4260b88c5b95d8cd.jpeg | F63: G10 Blauw HAANTJES CERTIFISC OUDENAARDE | G63: Speler
A64: Manu Van de Casteele | B64: pietervdc@gmail.com | C64: 00472846382 | F64: G10 Blauw HAANTJES CERTIFISC OUDENAARDE | G64: Speler
A65: Vic Vanden Hautte | B65: Kevin.vdh@gmail.com | C65: 0473448896 | D65: https://app.twizzit.com/public/photos/10733442/s/de71a0feaf3ea4a6afe343b706af319962bb20c0.jpeg | F65: G10 Blauw HAANTJES CERTIFISC OUDENAARDE | G65: Speler
A66: Nand Versmessen | B66: veerle_coussement@hotmail.com | C66: 32499030802 | D66: https://app.twizzit.com/public/photos/3447367/s/f6e635bb7022dfc6607d762d0f4b7b25a59a85c4.png | F66: G10 Blauw HAANTJES CERTIFISC OUDENAARDE | G66: Speler
A67: Matteo Vunck | B67: fam.vunck.demoor@outlook.com | C67: 320494304295 | D67: https://app.twizzit.com/public/photos/8418462/s/4cd851c617ea9849ca7ba85a62a0807b8b769b48.jpeg | F67: G10 Blauw HAANTJES CERTIFISC OUDENAARDE | G67: Speler
A68: Lenn Altruy | B68: David.altruy@outlook.be | C68: 0479873979 | F68: G10 Geel HAANTJES CERTIFISC OUDENAARDE | G68: Speler
A69: Vic Blommaert | B69: jeroen.blommaert@gmail.com | C69: 0477059912 | D69: https://app.twizzit.com/public/photos/7328384/s/880c055e18cd3fa9e57719da7306434e04eaf905.png | F69: G10 Geel HAANTJES CERTIFISC OUDENAARDE | G69: Speler
A70: Leon Castelain | C70: 32495228616 | D70: https://app.twizzit.com/public/photos/3486565/s/dbc5287e080bfa9acd16205b0ef6339800e0ffb6.png | E70: 762623 | F70: G10 Geel HAANTJES CERTIFISC OUDENAARDE | G70: Speler
A71: Nand Colpaert | B71: stijn.colpaert@telenet.be | C71: 0497216213 | F71: G10 Geel HAANTJES CERTIFISC OUDENAARDE | G71: Speler
A72: Ryan Debouverie | C72: 320496247133 | E72: 271615 | F72: G10 Geel HAANTJES CERTIFISC OUDENAARDE | G72: Coach
A73: Seb Debouverie | C73: 32474278078 | D73: https://app.twizzit.com/public/photos/3470113/s/d4f4d56826c6eb1d41480a49a2f8240682b337d2.png | F73: G10 Geel HAANTJES CERTIFISC OUDENAARDE | G73: Speler
A74: Miel Elyn | B74: Lievemoyaert@icloud.com | F74: G10 Geel HAANTJES CERTIFISC OUDENAARDE | G74: Speler
A75: Wolf Lessenne | C75: 32494240195 | D75: https://app.twizzit.com/public/photos/3580747/s/157853967ede68629434e8db7d36b6d860f7ea97.jpeg | F75: G10 Geel HAANTJES CERTIFISC OUDENAARDE | G75: Speler
A76: Boris Luyten | B76: liesbeth_boudrez@hotmail.be | C76: 32499650150 | D76: https://app.twizzit.com/public/photos/3437308/s/ee02af9294d7823dae37d6eb7126b435ef764909.png | F76: G10 Geel HAANTJES CERTIFISC OUDENAARDE | G76: Speler
A77: Jack Saerens | C77: 0472659326 | D77: https://app.twizzit.com/public/photos/3475134/s/78bd944a9e8b36fe65d592312d1522f18bbf3e32.png | F77: G10 Geel HAANTJES CERTIFISC OUDENAARDE | G77: Speler
A78: Lias Velghe | B78: natacham_davidv@hotmail.be | C78: 0498593233 | D78: https://app.twizzit.com/public/photos/3445768/s/4c884b157432a6deaaa18542df061bd432646fa3.png | F78: G10 Geel HAANTJES CERTIFISC OUDENAARDE | G78: Speler
A79: Basile Verbrugghe | B79: Chrisverbrugghe@hotmail.com | C79: 32479311550 | F79: G10 Geel HAANTJES CERTIFISC OUDENAARDE | G79: Speler
A80: Gaston Waelkens | C80: 32495460727 | D80: https://app.twizzit.com/public/photos/3437289/s/570cbbb3ba40336fabf43491384c678cfbbf4db4.png | F80: G10 Geel HAANTJES CERTIFISC OUDENAARDE | G80: Speler
A81: Arsen Anar | D81: https://app.twizzit.com/public/photos/11272034/s/339c8f61eeb207a0a7ef82edab3f88fc90d76b77.jpeg | F81: G12 Blauw HAANTJES CERTIFISC OUDENAARDE | G81: Speler
A82: Mark Anar | D82: https://app.twizzit.com/public/photos/11272030/s/d97169c55e4278dd5f5452138091d993430ca8ab.jpeg | F82: G12 Blauw HAANTJES CERTIFISC OUDENAARDE | G82: Speler
A83: Marsel Anar | D83: https://app.twizzit.com/public/photos/11272039/s/667db68e153309a064042452d0f619e8acb011fa.jpeg | F83: G12 Blauw HAANTJES CERTIFISC OUDENAARDE | G83: Speler
A84: Mathias Delcroix | B84: Delcroix.dieter@hotmail.com | C84: 0487106040 | F84: G12 Blauw HAANTJES CERTIFISC OUDENAARDE | G84: Speler
A85: Kenneth Dhont | C85: 0477485789 | E85: 50455 | F85: G12 Blauw HAANTJES CERTIFISC OUDENAARDE | G85: Coach
A86: Lou Geenens | C86: 0474335674 | D86: https://app.twizzit.com/public/photos/10377574/s/62e9c970b54f4ce753f6fe1b02a81459ce0f4576.png | F86: G12 Blauw HAANTJES CERTIFISC OUDENAARDE | G86: Speler
A87: Lowie Malfait | B87: Hoekman.annelies1@gmail.com | C87: 0478836273 | F87: G12 Blauw HAANTJES CERTIFISC OUDENAARDE | G87: Speler
A88: Omer Nachtergaele | C88: 486032155 | D88: https://app.twizzit.com/public/photos/3526587/s/d9cd2de281e5d48997de87a634d3e25b996ae478.png | F88: G12 Blauw HAANTJES CERTIFISC OUDENAARDE | G88: Speler
A89: Maxime Van Herpe | C89: 0494706960 | F89: G12 Blauw HAANTJES CERTIFISC OUDENAARDE | G89: Speler
A90: Lucas Vanderstraeten | C90: 0496654860 | D90: https://app.twizzit.com/public/photos/3447788/s/a21b510884c5e068d9fd07894f967e10ecef7568.png | F90: G12 Blauw HAANTJES CERTIFISC OUDENAARDE | G90: Speler
A91: Nathan Vermassen | C91: 0498493330 | F91: G12 Blauw HAANTJES CERTIFISC OUDENAARDE | G91: Speler
A92: Niels De Lepeleire | C92: 320470775058 | E92: 213745 | F92: G12 Geel HAANTJES CERTIFISC OUDENAARDE | G92: Coach
A93: Omer Demets | B93: Lowie.demets@telenet.be | C93: 0474450168 | F93: G12 Geel HAANTJES CERTIFISC OUDENAARDE | G93: Speler
A94: Vinke Derycke | B94: stevenderycke244@gmail.com | C94: 32484679541 | F94: G12 Geel HAANTJES CERTIFISC OUDENAARDE | G94: Speler
A95: Thor Lessenne | B95: lessenne_frederic@yahoo.com | C95: 0494240195 | D95: https://app.twizzit.com/public/photos/4393791/s/f227f8ddb169feb6dded4f508fa8f0a8d6bc3bc4.jpeg | E95: 758517 | F95: G12 Geel HAANTJES CERTIFISC OUDENAARDE | G95: Speler
A96: Mathieu Libert | B96: s_ardenois@hotmail.com | C96: 32474397512 | F96: G12 Geel HAANTJES CERTIFISC OUDENAARDE | G96: Speler
A97: Emiel Opsomer | B97: meirlaen.evelien@gmail.com | C97: 0478767261 | E97: 757869 | F97: G12 Geel HAANTJES CERTIFISC OUDENAARDE | G97: Speler
A98: Brent Pollet | B98: pollet.jelle@gmail.com | C98: 0497503207 | D98: https://app.twizzit.com/public/photos/3454870/s/e7fdcf5140d5e910d15662f873e9aafb78eb7d4f.jpeg | E98: 756320 | F98: G12 Geel HAANTJES CERTIFISC OUDENAARDE | G98: Speler
A99: Jerome Van de Weghe | B99: pieter@combus.be | C99: 0479793011 | E99: 758509 | F99: G12 Geel HAANTJES CERTIFISC OUDENAARDE | G99: Speler
A100: Ilias Vander Beken | B100: tine_de_smet90@hotmail.com | C100: 0468142508 | D100: https://app.twizzit.com/public/photos/9469457/s/eb40348dfb8a2c0c9b13e74dd04369019dbd2f32.jpeg | F100: G12 Geel HAANTJES CERTIFISC OUDENAARDE | G100: Speler
...

Sheet Naam-Foto-Ploeg
A1: Naam | B1: Profielfoto | C1: Ploeg | D1: TEAM
A2: {=CHOOSE({1,2,3},'Sorted by Team'!A2:A394,'Sorted by Team'!D2:D394,'Sorted by Team'!F2:F394)} -> Odet Castelain | C2: Balschool U6 | D2: =TRIM(SUBSTITUTE(SUBSTITUTE(SUBSTITUTE(SUBSTITUTE(TRIM(SUBSTITUTE(SUBSTITUTE(SUBSTITUTE(C2," "," "),"HAANTJES CERTIFISC OUDENAARDE",""),"Haantjes CERTIFISC Oudenaarde",""))," Geel","")," Blauw","")," Groen",""),"Haantjes Certifisc Oudenaarde","")) -> Balschool U6
A3: Cécile De Groote Hoebeke | C3: Balschool U6 | D3: =TRIM(SUBSTITUTE(SUBSTITUTE(SUBSTITUTE(SUBSTITUTE(TRIM(SUBSTITUTE(SUBSTITUTE(SUBSTITUTE(C3," "," "),"HAANTJES CERTIFISC OUDENAARDE",""),"Haantjes CERTIFISC Oudenaarde",""))," Geel","")," Blauw","")," Groen",""),"Haantjes Certifisc Oudenaarde","")) -> Balschool U6
A4: Mauro De Leersnyder | C4: Balschool U6 | D4: =TRIM(SUBSTITUTE(SUBSTITUTE(SUBSTITUTE(SUBSTITUTE(TRIM(SUBSTITUTE(SUBSTITUTE(SUBSTITUTE(C4," "," "),"HAANTJES CERTIFISC OUDENAARDE",""),"Haantjes CERTIFISC Oudenaarde",""))," Geel","")," Blauw","")," Groen",""),"Haantjes Certifisc Oudenaarde","")) -> Balschool U6
A5: Rami Decock | C5: Balschool U6 | D5: =TRIM(SUBSTITUTE(SUBSTITUTE(SUBSTITUTE(SUBSTITUTE(TRIM(SUBSTITUTE(SUBSTITUTE(SUBSTITUTE(C5," "," "),"HAANTJES CERTIFISC OUDENAARDE",""),"Haantjes CERTIFISC Oudenaarde",""))," Geel","")," Blauw","")," Groen",""),"Haantjes Certifisc Oudenaarde","")) -> Balschool U6
A6: Jakob Delbaere | C6: Balschool U6 | D6: =TRIM(SUBSTITUTE(SUBSTITUTE(SUBSTITUTE(SUBSTITUTE(TRIM(SUBSTITUTE(SUBSTITUTE(SUBSTITUTE(C6," "," "),"HAANTJES CERTIFISC OUDENAARDE",""),"Haantjes CERTIFISC Oudenaarde",""))," Geel","")," Blauw","")," Groen",""),"Haantjes Certifisc Oudenaarde","")) -> Balschool U6
A7: Cérile Doublet | C7: Balschool U6 | D7: =TRIM(SUBSTITUTE(SUBSTITUTE(SUBSTITUTE(SUBSTITUTE(TRIM(SUBSTITUTE(SUBSTITUTE(SUBSTITUTE(C7," "," "),"HAANTJES CERTIFISC OUDENAARDE",""),"Haantjes CERTIFISC Oudenaarde",""))," Geel","")," Blauw","")," Groen",""),"Haantjes Certifisc Oudenaarde","")) -> Balschool U6
A8: Cas Elyn | C8: Balschool U6 | D8: =TRIM(SUBSTITUTE(SUBSTITUTE(SUBSTITUTE(SUBSTITUTE(TRIM(SUBSTITUTE(SUBSTITUTE(SUBSTITUTE(C8," "," "),"HAANTJES CERTIFISC OUDENAARDE",""),"Haantjes CERTIFISC Oudenaarde",""))," Geel","")," Blauw","")," Groen",""),"Haantjes Certifisc Oudenaarde","")) -> Balschool U6
A9: Tiaz Molly | C9: Balschool U6 | D9: =TRIM(SUBSTITUTE(SUBSTITUTE(SUBSTITUTE(SUBSTITUTE(TRIM(SUBSTITUTE(SUBSTITUTE(SUBSTITUTE(C9," "," "),"HAANTJES CERTIFISC OUDENAARDE",""),"Haantjes CERTIFISC Oudenaarde",""))," Geel","")," Blauw","")," Groen",""),"Haantjes Certifisc Oudenaarde","")) -> Balschool U6
A10: Alba Slembrouck | C10: Balschool U6 | D10: =TRIM(SUBSTITUTE(SUBSTITUTE(SUBSTITUTE(SUBSTITUTE(TRIM(SUBSTITUTE(SUBSTITUTE(SUBSTITUTE(C10," "," "),"HAANTJES CERTIFISC OUDENAARDE",""),"Haantjes CERTIFISC Oudenaarde",""))," Geel","")," Blauw","")," Groen",""),"Haantjes Certifisc Oudenaarde","")) -> Balschool U6
A11: Lily Adam | B11: https://app.twizzit.com/public/photos/2182441/s/eec7946e1a9e80461f26752840c4aedc7d235bab.jpeg | C11: DSE A Haantjes Certifisc Oudenaarde | D11: =TRIM(SUBSTITUTE(SUBSTITUTE(SUBSTITUTE(SUBSTITUTE(TRIM(SUBSTITUTE(SUBSTITUTE(SUBSTITUTE(C11," "," "),"HAANTJES CERTIFISC OUDENAARDE",""),"Haantjes CERTIFISC Oudenaarde",""))," Geel","")," Blauw","")," Groen",""),"Haantjes Certifisc Oudenaarde","")) -> DSE A
A12: Janna Bauters | B12: https://app.twizzit.com/public/photos/2182476/s/d120dcfc0ec82f0d803829f917b4287681f3dd01.png | C12: DSE A Haantjes Certifisc Oudenaarde | D12: =TRIM(SUBSTITUTE(SUBSTITUTE(SUBSTITUTE(SUBSTITUTE(TRIM(SUBSTITUTE(SUBSTITUTE(SUBSTITUTE(C12," "," "),"HAANTJES CERTIFISC OUDENAARDE",""),"Haantjes CERTIFISC Oudenaarde",""))," Geel","")," Blauw","")," Groen",""),"Haantjes Certifisc Oudenaarde","")) -> DSE A
A13: Marie Bourdeaud'hui | B13: https://app.twizzit.com/public/photos/2182516/s/0d7291570c9e5cf142cd892c8fd7ace8c517270a.png | C13: DSE A Haantjes Certifisc Oudenaarde | D13: =TRIM(SUBSTITUTE(SUBSTITUTE(SUBSTITUTE(SUBSTITUTE(TRIM(SUBSTITUTE(SUBSTITUTE(SUBSTITUTE(C13," "," "),"HAANTJES CERTIFISC OUDENAARDE",""),"Haantjes CERTIFISC Oudenaarde",""))," Geel","")," Blauw","")," Groen",""),"Haantjes Certifisc Oudenaarde","")) -> DSE A
A14: Aishatu Lieve Buadee | C14: DSE A Haantjes Certifisc Oudenaarde | D14: =TRIM(SUBSTITUTE(SUBSTITUTE(SUBSTITUTE(SUBSTITUTE(TRIM(SUBSTITUTE(SUBSTITUTE(SUBSTITUTE(C14," "," "),"HAANTJES CERTIFISC OUDENAARDE",""),"Haantjes CERTIFISC Oudenaarde",""))," Geel","")," Blauw","")," Groen",""),"Haantjes Certifisc Oudenaarde","")) -> DSE A
A15: Iris Calewaert | C15: DSE A Haantjes Certifisc Oudenaarde | D15: =TRIM(SUBSTITUTE(SUBSTITUTE(SUBSTITUTE(SUBSTITUTE(TRIM(SUBSTITUTE(SUBSTITUTE(SUBSTITUTE(C15," "," "),"HAANTJES CERTIFISC OUDENAARDE",""),"Haantjes CERTIFISC Oudenaarde",""))," Geel","")," Blauw","")," Groen",""),"Haantjes Certifisc Oudenaarde","")) -> DSE A
A16: Bart Cattoir | C16: DSE A Haantjes Certifisc Oudenaarde | D16: =TRIM(SUBSTITUTE(SUBSTITUTE(SUBSTITUTE(SUBSTITUTE(TRIM(SUBSTITUTE(SUBSTITUTE(SUBSTITUTE(C16," "," "),"HAANTJES CERTIFISC OUDENAARDE",""),"Haantjes CERTIFISC Oudenaarde",""))," Geel","")," Blauw","")," Groen",""),"Haantjes Certifisc Oudenaarde","")) -> DSE A
A17: Alice Cokelaere | C17: DSE A Haantjes Certifisc Oudenaarde | D17: =TRIM(SUBSTITUTE(SUBSTITUTE(SUBSTITUTE(SUBSTITUTE(TRIM(SUBSTITUTE(SUBSTITUTE(SUBSTITUTE(C17," "," "),"HAANTJES CERTIFISC OUDENAARDE",""),"Haantjes CERTIFISC Oudenaarde",""))," Geel","")," Blauw","")," Groen",""),"Haantjes Certifisc Oudenaarde","")) -> DSE A
A18: Karen Dans | B18: https://app.twizzit.com/public/photos/2182586/s/3c061ecaa7eb60b4e8b27f2490fa3fff24778b0c.png | C18: DSE A Haantjes Certifisc Oudenaarde | D18: =TRIM(SUBSTITUTE(SUBSTITUTE(SUBSTITUTE(SUBSTITUTE(TRIM(SUBSTITUTE(SUBSTITUTE(SUBSTITUTE(C18," "," "),"HAANTJES CERTIFISC OUDENAARDE",""),"Haantjes CERTIFISC Oudenaarde",""))," Geel","")," Blauw","")," Groen",""),"Haantjes Certifisc Oudenaarde","")) -> DSE A
A19: Kimberley De Smet | B19: https://app.twizzit.com/public/photos/2182696/s/b3404003062e85e1b45f5fca9b0565fe70029286.png | C19: DSE A Haantjes Certifisc Oudenaarde | D19: =TRIM(SUBSTITUTE(SUBSTITUTE(SUBSTITUTE(SUBSTITUTE(TRIM(SUBSTITUTE(SUBSTITUTE(SUBSTITUTE(C19," "," "),"HAANTJES CERTIFISC OUDENAARDE",""),"Haantjes CERTIFISC Oudenaarde",""))," Geel","")," Blauw","")," Groen",""),"Haantjes Certifisc Oudenaarde","")) -> DSE A
A20: Heike Guenter | C20: DSE A Haantjes Certifisc Oudenaarde | D20: =TRIM(SUBSTITUTE(SUBSTITUTE(SUBSTITUTE(SUBSTITUTE(TRIM(SUBSTITUTE(SUBSTITUTE(SUBSTITUTE(C20," "," "),"HAANTJES CERTIFISC OUDENAARDE",""),"Haantjes CERTIFISC Oudenaarde",""))," Geel","")," Blauw","")," Groen",""),"Haantjes Certifisc Oudenaarde","")) -> DSE A
A21: Lente Verhaeghe | B21: https://app.twizzit.com/public/photos/3706826/s/7283d518f82547e0fb530790cddedb0edf0a5785.jpeg | C21: DSE A Haantjes Certifisc Oudenaarde | D21: =TRIM(SUBSTITUTE(SUBSTITUTE(SUBSTITUTE(SUBSTITUTE(TRIM(SUBSTITUTE(SUBSTITUTE(SUBSTITUTE(C21," "," "),"HAANTJES CERTIFISC OUDENAARDE",""),"Haantjes CERTIFISC Oudenaarde",""))," Geel","")," Blauw","")," Groen",""),"Haantjes Certifisc Oudenaarde","")) -> DSE A
A22: Tybe De Clercq | C22: G08 Blauw HAANTJES CERTIFISC OUDENAARDE | D22: =TRIM(SUBSTITUTE(SUBSTITUTE(SUBSTITUTE(SUBSTITUTE(TRIM(SUBSTITUTE(SUBSTITUTE(SUBSTITUTE(C22," "," "),"HAANTJES CERTIFISC OUDENAARDE",""),"Haantjes CERTIFISC Oudenaarde",""))," Geel","")," Blauw","")," Groen",""),"Haantjes Certifisc Oudenaarde","")) -> G08
A23: Jef Lauwereins | C23: G08 Blauw HAANTJES CERTIFISC OUDENAARDE | D23: =TRIM(SUBSTITUTE(SUBSTITUTE(SUBSTITUTE(SUBSTITUTE(TRIM(SUBSTITUTE(SUBSTITUTE(SUBSTITUTE(C23," "," "),"HAANTJES CERTIFISC OUDENAARDE",""),"Haantjes CERTIFISC Oudenaarde",""))," Geel","")," Blauw","")," Groen",""),"Haantjes Certifisc Oudenaarde","")) -> G08
A24: Juul Messeeuw | C24: G08 Blauw HAANTJES CERTIFISC OUDENAARDE | D24: =TRIM(SUBSTITUTE(SUBSTITUTE(SUBSTITUTE(SUBSTITUTE(TRIM(SUBSTITUTE(SUBSTITUTE(SUBSTITUTE(C24," "," "),"HAANTJES CERTIFISC OUDENAARDE",""),"Haantjes CERTIFISC Oudenaarde",""))," Geel","")," Blauw","")," Groen",""),"Haantjes Certifisc Oudenaarde","")) -> G08
A25: Rover Naessens | B25: https://app.twizzit.com/public/photos/7328405/s/a238a3bac0fa83cb173f769b5ce64dd7bdebab6d.jpeg | C25: G08 Blauw HAANTJES CERTIFISC OUDENAARDE | D25: =TRIM(SUBSTITUTE(SUBSTITUTE(SUBSTITUTE(SUBSTITUTE(TRIM(SUBSTITUTE(SUBSTITUTE(SUBSTITUTE(C25," "," "),"HAANTJES CERTIFISC OUDENAARDE",""),"Haantjes CERTIFISC Oudenaarde",""))," Geel","")," Blauw","")," Groen",""),"Haantjes Certifisc Oudenaarde","")) -> G08
A26: Théo Parmentier | C26: G08 Blauw HAANTJES CERTIFISC OUDENAARDE | D26: =TRIM(SUBSTITUTE(SUBSTITUTE(SUBSTITUTE(SUBSTITUTE(TRIM(SUBSTITUTE(SUBSTITUTE(SUBSTITUTE(C26," "," "),"HAANTJES CERTIFISC OUDENAARDE",""),"Haantjes CERTIFISC Oudenaarde",""))," Geel","")," Blauw","")," Groen",""),"Haantjes Certifisc Oudenaarde","")) -> G08
A27: Thibaut Sadaune | B27: https://app.twizzit.com/public/photos/8418475/s/c44854e7fe4ecdd14617bb0fe2e99a30f0cedc15.jpeg | C27: G08 Blauw HAANTJES CERTIFISC OUDENAARDE | D27: =TRIM(SUBSTITUTE(SUBSTITUTE(SUBSTITUTE(SUBSTITUTE(TRIM(SUBSTITUTE(SUBSTITUTE(SUBSTITUTE(C27," "," "),"HAANTJES CERTIFISC OUDENAARDE",""),"Haantjes CERTIFISC Oudenaarde",""))," Geel","")," Blauw","")," Groen",""),"Haantjes Certifisc Oudenaarde","")) -> G08
A28: Aster Van Cauwenberghe | B28: https://app.twizzit.com/public/photos/6080950/s/e37d4499e2422d263ca72ca5adc1adb614aa1f40.jpeg | C28: G08 Blauw HAANTJES CERTIFISC OUDENAARDE | D28: =TRIM(SUBSTITUTE(SUBSTITUTE(SUBSTITUTE(SUBSTITUTE(TRIM(SUBSTITUTE(SUBSTITUTE(SUBSTITUTE(C28," "," "),"HAANTJES CERTIFISC OUDENAARDE",""),"Haantjes CERTIFISC Oudenaarde",""))," Geel","")," Blauw","")," Groen",""),"Haantjes Certifisc Oudenaarde","")) -> G08
A29: Lander Van De Maele | B29: https://app.twizzit.com/public/photos/10715682/s/9ac40a7d3bcb76b36d9290dcb9c3bcdc167e2add.jpeg | C29: G08 Blauw HAANTJES CERTIFISC OUDENAARDE | D29: =TRIM(SUBSTITUTE(SUBSTITUTE(SUBSTITUTE(SUBSTITUTE(TRIM(SUBSTITUTE(SUBSTITUTE(SUBSTITUTE(C29," "," "),"HAANTJES CERTIFISC OUDENAARDE",""),"Haantjes CERTIFISC Oudenaarde",""))," Geel","")," Blauw","")," Groen",""),"Haantjes Certifisc Oudenaarde","")) -> G08
A30: Ronan Vanneste | B30: https://app.twizzit.com/public/photos/7992424/s/7741759047d554aed7aaac84a694a4ea4a62b085.jpeg | C30: G08 Blauw HAANTJES CERTIFISC OUDENAARDE | D30: =TRIM(SUBSTITUTE(SUBSTITUTE(SUBSTITUTE(SUBSTITUTE(TRIM(SUBSTITUTE(SUBSTITUTE(SUBSTITUTE(C30," "," "),"HAANTJES CERTIFISC OUDENAARDE",""),"Haantjes CERTIFISC Oudenaarde",""))," Geel","")," Blauw","")," Groen",""),"Haantjes Certifisc Oudenaarde","")) -> G08
A31: Océane Wisbecq | C31: G08 Blauw HAANTJES CERTIFISC OUDENAARDE | D31: =TRIM(SUBSTITUTE(SUBSTITUTE(SUBSTITUTE(SUBSTITUTE(TRIM(SUBSTITUTE(SUBSTITUTE(SUBSTITUTE(C31," "," "),"HAANTJES CERTIFISC OUDENAARDE",""),"Haantjes CERTIFISC Oudenaarde",""))," Geel","")," Blauw","")," Groen",""),"Haantjes Certifisc Oudenaarde","")) -> G08
A32: Joppe Beeckman | B32: https://app.twizzit.com/public/photos/7329719/s/3900de37cfdf557a3c2ce4dcb1b36ecfefd6df85.png | C32: G08 Geel HAANTJES CERTIFISC OUDENAARDE | D32: =TRIM(SUBSTITUTE(SUBSTITUTE(SUBSTITUTE(SUBSTITUTE(TRIM(SUBSTITUTE(SUBSTITUTE(SUBSTITUTE(C32," "," "),"HAANTJES CERTIFISC OUDENAARDE",""),"Haantjes CERTIFISC Oudenaarde",""))," Geel","")," Blauw","")," Groen",""),"Haantjes Certifisc Oudenaarde","")) -> G08
A33: Leon Boone | C33: G08 Geel HAANTJES CERTIFISC OUDENAARDE | D33: =TRIM(SUBSTITUTE(SUBSTITUTE(SUBSTITUTE(SUBSTITUTE(TRIM(SUBSTITUTE(SUBSTITUTE(SUBSTITUTE(C33," "," "),"HAANTJES CERTIFISC OUDENAARDE",""),"Haantjes CERTIFISC Oudenaarde",""))," Geel","")," Blauw","")," Groen",""),"Haantjes Certifisc Oudenaarde","")) -> G08
A34: Jonah Cattoir | C34: G08 Geel HAANTJES CERTIFISC OUDENAARDE | D34: =TRIM(SUBSTITUTE(SUBSTITUTE(SUBSTITUTE(SUBSTITUTE(TRIM(SUBSTITUTE(SUBSTITUTE(SUBSTITUTE(C34," "," "),"HAANTJES CERTIFISC OUDENAARDE",""),"Haantjes CERTIFISC Oudenaarde",""))," Geel","")," Blauw","")," Groen",""),"Haantjes Certifisc Oudenaarde","")) -> G08
A35: Lasse Cattoir | B35: https://app.twizzit.com/public/photos/9522553/s/70d508b65eaba88af49f20bd545e119d36420c07.png | C35: G08 Geel HAANTJES CERTIFISC OUDENAARDE | D35: =TRIM(SUBSTITUTE(SUBSTITUTE(SUBSTITUTE(SUBSTITUTE(TRIM(SUBSTITUTE(SUBSTITUTE(SUBSTITUTE(C35," "," "),"HAANTJES CERTIFISC OUDENAARDE",""),"Haantjes CERTIFISC Oudenaarde",""))," Geel","")," Blauw","")," Groen",""),"Haantjes Certifisc Oudenaarde","")) -> G08
A36: Madelein De Groote Hoebeke | B36: https://app.twizzit.com/public/photos/7992432/s/9093b3c321ebca1981daea541211e5a7f8dcd3e7.png | C36: G08 Geel HAANTJES CERTIFISC OUDENAARDE | D36: =TRIM(SUBSTITUTE(SUBSTITUTE(SUBSTITUTE(SUBSTITUTE(TRIM(SUBSTITUTE(SUBSTITUTE(SUBSTITUTE(C36," "," "),"HAANTJES CERTIFISC OUDENAARDE",""),"Haantjes CERTIFISC Oudenaarde",""))," Geel","")," Blauw","")," Groen",""),"Haantjes Certifisc Oudenaarde","")) -> G08
A37: Elli De Zitter | C37: G08 Geel HAANTJES CERTIFISC OUDENAARDE | D37: =TRIM(SUBSTITUTE(SUBSTITUTE(SUBSTITUTE(SUBSTITUTE(TRIM(SUBSTITUTE(SUBSTITUTE(SUBSTITUTE(C37," "," "),"HAANTJES CERTIFISC OUDENAARDE",""),"Haantjes CERTIFISC Oudenaarde",""))," Geel","")," Blauw","")," Groen",""),"Haantjes Certifisc Oudenaarde","")) -> G08
A38: Gust Dupont | C38: G08 Geel HAANTJES CERTIFISC OUDENAARDE | D38: =TRIM(SUBSTITUTE(SUBSTITUTE(SUBSTITUTE(SUBSTITUTE(TRIM(SUBSTITUTE(SUBSTITUTE(SUBSTITUTE(C38," "," "),"HAANTJES CERTIFISC OUDENAARDE",""),"Haantjes CERTIFISC Oudenaarde",""))," Geel","")," Blauw","")," Groen",""),"Haantjes Certifisc Oudenaarde","")) -> G08
A39: Robin Elyn | C39: G08 Geel HAANTJES CERTIFISC OUDENAARDE | D39: =TRIM(SUBSTITUTE(SUBSTITUTE(SUBSTITUTE(SUBSTITUTE(TRIM(SUBSTITUTE(SUBSTITUTE(SUBSTITUTE(C39," "," "),"HAANTJES CERTIFISC OUDENAARDE",""),"Haantjes CERTIFISC Oudenaarde",""))," Geel","")," Blauw","")," Groen",""),"Haantjes Certifisc Oudenaarde","")) -> G08
A40: Oskar Luyten | B40: https://app.twizzit.com/public/photos/6067218/s/05d3b6d34153ded2c11249ae66f232311ce5df9d.jpeg | C40: G08 Geel HAANTJES CERTIFISC OUDENAARDE | D40: =TRIM(SUBSTITUTE(SUBSTITUTE(SUBSTITUTE(SUBSTITUTE(TRIM(SUBSTITUTE(SUBSTITUTE(SUBSTITUTE(C40," "," "),"HAANTJES CERTIFISC OUDENAARDE",""),"Haantjes CERTIFISC Oudenaarde",""))," Geel","")," Blauw","")," Groen",""),"Haantjes Certifisc Oudenaarde","")) -> G08
A41: Ilaï Van De Walle | C41: G08 Geel HAANTJES CERTIFISC OUDENAARDE | D41: =TRIM(SUBSTITUTE(SUBSTITUTE(SUBSTITUTE(SUBSTITUTE(TRIM(SUBSTITUTE(SUBSTITUTE(SUBSTITUTE(C41," "," "),"HAANTJES CERTIFISC OUDENAARDE",""),"Haantjes CERTIFISC Oudenaarde",""))," Geel","")," Blauw","")," Groen",""),"Haantjes Certifisc Oudenaarde","")) -> G08
A42: Lowie Van Nieuwenhuyze | C42: G08 Geel HAANTJES CERTIFISC OUDENAARDE | D42: =TRIM(SUBSTITUTE(SUBSTITUTE(SUBSTITUTE(SUBSTITUTE(TRIM(SUBSTITUTE(SUBSTITUTE(SUBSTITUTE(C42," "," "),"HAANTJES CERTIFISC OUDENAARDE",""),"Haantjes CERTIFISC Oudenaarde",""))," Geel","")," Blauw","")," Groen",""),"Haantjes Certifisc Oudenaarde","")) -> G08
A43: Auguste Vanderschueren | C43: G08 Geel HAANTJES CERTIFISC OUDENAARDE | D43: =TRIM(SUBSTITUTE(SUBSTITUTE(SUBSTITUTE(SUBSTITUTE(TRIM(SUBSTITUTE(SUBSTITUTE(SUBSTITUTE(C43," "," "),"HAANTJES CERTIFISC OUDENAARDE",""),"Haantjes CERTIFISC Oudenaarde",""))," Geel","")," Blauw","")," Groen",""),"Haantjes Certifisc Oudenaarde","")) -> G08
A44: Debbie Verhelst | C44: G08 Geel HAANTJES CERTIFISC OUDENAARDE | D44: =TRIM(SUBSTITUTE(SUBSTITUTE(SUBSTITUTE(SUBSTITUTE(TRIM(SUBSTITUTE(SUBSTITUTE(SUBSTITUTE(C44," "," "),"HAANTJES CERTIFISC OUDENAARDE",""),"Haantjes CERTIFISC Oudenaarde",""))," Geel","")," Blauw","")," Groen",""),"Haantjes Certifisc Oudenaarde","")) -> G08
A45: Basiel Vossen | C45: G08 Geel HAANTJES CERTIFISC OUDENAARDE | D45: =TRIM(SUBSTITUTE(SUBSTITUTE(SUBSTITUTE(SUBSTITUTE(TRIM(SUBSTITUTE(SUBSTITUTE(SUBSTITUTE(C45," "," "),"HAANTJES CERTIFISC OUDENAARDE",""),"Haantjes CERTIFISC Oudenaarde",""))," Geel","")," Blauw","")," Groen",""),"Haantjes Certifisc Oudenaarde","")) -> G08
A46: Maurice Boonaert | C46: G08 Groen HAANTJES CERTIFISC OUDENAARDE | D46: =TRIM(SUBSTITUTE(SUBSTITUTE(SUBSTITUTE(SUBSTITUTE(TRIM(SUBSTITUTE(SUBSTITUTE(SUBSTITUTE(C46," "," "),"HAANTJES CERTIFISC OUDENAARDE",""),"Haantjes CERTIFISC Oudenaarde",""))," Geel","")," Blauw","")," Groen",""),"Haantjes Certifisc Oudenaarde","")) -> G08
A47: Tille Debouverie | B47: https://app.twizzit.com/public/photos/10452578/s/292aacecec7d92bf38572d240646cc8a5ea5dc01.png | C47: G08 Groen HAANTJES CERTIFISC OUDENAARDE | D47: =TRIM(SUBSTITUTE(SUBSTITUTE(SUBSTITUTE(SUBSTITUTE(TRIM(SUBSTITUTE(SUBSTITUTE(SUBSTITUTE(C47," "," "),"HAANTJES CERTIFISC OUDENAARDE",""),"Haantjes CERTIFISC Oudenaarde",""))," Geel","")," Blauw","")," Groen",""),"Haantjes Certifisc Oudenaarde","")) -> G08
A48: Julian Moerman | C48: G08 Groen HAANTJES CERTIFISC OUDENAARDE | D48: =TRIM(SUBSTITUTE(SUBSTITUTE(SUBSTITUTE(SUBSTITUTE(TRIM(SUBSTITUTE(SUBSTITUTE(SUBSTITUTE(C48," "," "),"HAANTJES CERTIFISC OUDENAARDE",""),"Haantjes CERTIFISC Oudenaarde",""))," Geel","")," Blauw","")," Groen",""),"Haantjes Certifisc Oudenaarde","")) -> G08
A49: George O'Reilly | C49: G08 Groen HAANTJES CERTIFISC OUDENAARDE | D49: =TRIM(SUBSTITUTE(SUBSTITUTE(SUBSTITUTE(SUBSTITUTE(TRIM(SUBSTITUTE(SUBSTITUTE(SUBSTITUTE(C49," "," "),"HAANTJES CERTIFISC OUDENAARDE",""),"Haantjes CERTIFISC Oudenaarde",""))," Geel","")," Blauw","")," Groen",""),"Haantjes Certifisc Oudenaarde","")) -> G08
A50: Romée Slembrouck | B50: https://app.twizzit.com/public/photos/7328316/s/d832d97a4d222f65f11eb5051494f0f7bb0f899d.png | C50: G08 Groen HAANTJES CERTIFISC OUDENAARDE | D50: =TRIM(SUBSTITUTE(SUBSTITUTE(SUBSTITUTE(SUBSTITUTE(TRIM(SUBSTITUTE(SUBSTITUTE(SUBSTITUTE(C50," "," "),"HAANTJES CERTIFISC OUDENAARDE",""),"Haantjes CERTIFISC Oudenaarde",""))," Geel","")," Blauw","")," Groen",""),"Haantjes Certifisc Oudenaarde","")) -> G08
A51: Juul Torrekens | B51: https://app.twizzit.com/public/photos/10452742/s/6c5cf54cdc2121df9ea81aa430b2b5f8abe2c81a.jpeg | C51: G08 Groen HAANTJES CERTIFISC OUDENAARDE | D51: =TRIM(SUBSTITUTE(SUBSTITUTE(SUBSTITUTE(SUBSTITUTE(TRIM(SUBSTITUTE(SUBSTITUTE(SUBSTITUTE(C51," "," "),"HAANTJES CERTIFISC OUDENAARDE",""),"Haantjes CERTIFISC Oudenaarde",""))," Geel","")," Blauw","")," Groen",""),"Haantjes Certifisc Oudenaarde","")) -> G08
A52: Mali-June Van Dorpe | C52: G08 Groen HAANTJES CERTIFISC OUDENAARDE | D52: =TRIM(SUBSTITUTE(SUBSTITUTE(SUBSTITUTE(SUBSTITUTE(TRIM(SUBSTITUTE(SUBSTITUTE(SUBSTITUTE(C52," "," "),"HAANTJES CERTIFISC OUDENAARDE",""),"Haantjes CERTIFISC Oudenaarde",""))," Geel","")," Blauw","")," Groen",""),"Haantjes Certifisc Oudenaarde","")) -> G08
A53: Flo Vandewege | B53: https://app.twizzit.com/public/photos/10452584/s/5f2777167147a40d5e0cdf16d10044b2680e0e8c.png | C53: G08 Groen HAANTJES CERTIFISC OUDENAARDE | D53: =TRIM(SUBSTITUTE(SUBSTITUTE(SUBSTITUTE(SUBSTITUTE(TRIM(SUBSTITUTE(SUBSTITUTE(SUBSTITUTE(C53," "," "),"HAANTJES CERTIFISC OUDENAARDE",""),"Haantjes CERTIFISC Oudenaarde",""))," Geel","")," Blauw","")," Groen",""),"Haantjes Certifisc Oudenaarde","")) -> G08
A54: Charlotte Verschueren | B54: https://app.twizzit.com/public/photos/2183447/s/1f201bfdf86762e0642c70c1aa487baf5ab852bb.png | C54: G08 Groen HAANTJES CERTIFISC OUDENAARDE | D54: =TRIM(SUBSTITUTE(SUBSTITUTE(SUBSTITUTE(SUBSTITUTE(TRIM(SUBSTITUTE(SUBSTITUTE(SUBSTITUTE(C54," "," "),"HAANTJES CERTIFISC OUDENAARDE",""),"Haantjes CERTIFISC Oudenaarde",""))," Geel","")," Blauw","")," Groen",""),"Haantjes Certifisc Oudenaarde","")) -> G08
A55: Senn Anseeuw | B55: https://app.twizzit.com/public/photos/4421954/s/39c1d6c08bc84b336f4c340a175719810e926066.png | C55: G10 Blauw HAANTJES CERTIFISC OUDENAARDE | D55: =TRIM(SUBSTITUTE(SUBSTITUTE(SUBSTITUTE(SUBSTITUTE(TRIM(SUBSTITUTE(SUBSTITUTE(SUBSTITUTE(C55," "," "),"HAANTJES CERTIFISC OUDENAARDE",""),"Haantjes CERTIFISC Oudenaarde",""))," Geel","")," Blauw","")," Groen",""),"Haantjes Certifisc Oudenaarde","")) -> G10
A56: Arthur Crombez | B56: https://app.twizzit.com/public/photos/7501921/s/cda3c2c21188914d3908db110c011be3c8f5a13d.png | C56: G10 Blauw HAANTJES CERTIFISC OUDENAARDE | D56: =TRIM(SUBSTITUTE(SUBSTITUTE(SUBSTITUTE(SUBSTITUTE(TRIM(SUBSTITUTE(SUBSTITUTE(SUBSTITUTE(C56," "," "),"HAANTJES CERTIFISC OUDENAARDE",""),"Haantjes CERTIFISC Oudenaarde",""))," Geel","")," Blauw","")," Groen",""),"Haantjes Certifisc Oudenaarde","")) -> G10
A57: Maurice Debels | B57: https://app.twizzit.com/public/photos/7307064/s/62a20fb436e1f6920a77ad9e4cd715a7e88bd1d1.png | C57: G10 Blauw HAANTJES CERTIFISC OUDENAARDE | D57: =TRIM(SUBSTITUTE(SUBSTITUTE(SUBSTITUTE(SUBSTITUTE(TRIM(SUBSTITUTE(SUBSTITUTE(SUBSTITUTE(C57," "," "),"HAANTJES CERTIFISC OUDENAARDE",""),"Haantjes CERTIFISC Oudenaarde",""))," Geel","")," Blauw","")," Groen",""),"Haantjes Certifisc Oudenaarde","")) -> G10
A58: Egemen Durhan | B58: https://app.twizzit.com/public/photos/5748750/s/6a03612f72e189fb2a542ac535552aede78aad3f.png | C58: G10 Blauw HAANTJES CERTIFISC OUDENAARDE | D58: =TRIM(SUBSTITUTE(SUBSTITUTE(SUBSTITUTE(SUBSTITUTE(TRIM(SUBSTITUTE(SUBSTITUTE(SUBSTITUTE(C58," "," "),"HAANTJES CERTIFISC OUDENAARDE",""),"Haantjes CERTIFISC Oudenaarde",""))," Geel","")," Blauw","")," Groen",""),"Haantjes Certifisc Oudenaarde","")) -> G10
A59: Viktor Guillaume | C59: G10 Blauw HAANTJES CERTIFISC OUDENAARDE | D59: =TRIM(SUBSTITUTE(SUBSTITUTE(SUBSTITUTE(SUBSTITUTE(TRIM(SUBSTITUTE(SUBSTITUTE(SUBSTITUTE(C59," "," "),"HAANTJES CERTIFISC OUDENAARDE",""),"Haantjes CERTIFISC Oudenaarde",""))," Geel","")," Blauw","")," Groen",""),"Haantjes Certifisc Oudenaarde","")) -> G10
A60: Lothar Lemaire | B60: https://app.twizzit.com/public/photos/9680220/s/630006e9802fd7af81a6784302b397c8d31a519e.jpeg | C60: G10 Blauw HAANTJES CERTIFISC OUDENAARDE | D60: =TRIM(SUBSTITUTE(SUBSTITUTE(SUBSTITUTE(SUBSTITUTE(TRIM(SUBSTITUTE(SUBSTITUTE(SUBSTITUTE(C60," "," "),"HAANTJES CERTIFISC OUDENAARDE",""),"Haantjes CERTIFISC Oudenaarde",""))," Geel","")," Blauw","")," Groen",""),"Haantjes Certifisc Oudenaarde","")) -> G10
A61: Victor Libert | B61: https://app.twizzit.com/public/photos/7493172/s/6235261693b78c2a6b1d4ecbb92a61770437eca9.jpeg | C61: G10 Blauw HAANTJES CERTIFISC OUDENAARDE | D61: =TRIM(SUBSTITUTE(SUBSTITUTE(SUBSTITUTE(SUBSTITUTE(TRIM(SUBSTITUTE(SUBSTITUTE(SUBSTITUTE(C61," "," "),"HAANTJES CERTIFISC OUDENAARDE",""),"Haantjes CERTIFISC Oudenaarde",""))," Geel","")," Blauw","")," Groen",""),"Haantjes Certifisc Oudenaarde","")) -> G10
A62: Marte Mechant | C62: G10 Blauw HAANTJES CERTIFISC OUDENAARDE | D62: =TRIM(SUBSTITUTE(SUBSTITUTE(SUBSTITUTE(SUBSTITUTE(TRIM(SUBSTITUTE(SUBSTITUTE(SUBSTITUTE(C62," "," "),"HAANTJES CERTIFISC OUDENAARDE",""),"Haantjes CERTIFISC Oudenaarde",""))," Geel","")," Blauw","")," Groen",""),"Haantjes Certifisc Oudenaarde","")) -> G10
A63: Lucas Molly | B63: https://app.twizzit.com/public/photos/3485821/s/5f632eac97edae595ea1c86f4260b88c5b95d8cd.jpeg | C63: G10 Blauw HAANTJES CERTIFISC OUDENAARDE | D63: =TRIM(SUBSTITUTE(SUBSTITUTE(SUBSTITUTE(SUBSTITUTE(TRIM(SUBSTITUTE(SUBSTITUTE(SUBSTITUTE(C63," "," "),"HAANTJES CERTIFISC OUDENAARDE",""),"Haantjes CERTIFISC Oudenaarde",""))," Geel","")," Blauw","")," Groen",""),"Haantjes Certifisc Oudenaarde","")) -> G10
A64: Manu Van de Casteele | C64: G10 Blauw HAANTJES CERTIFISC OUDENAARDE | D64: =TRIM(SUBSTITUTE(SUBSTITUTE(SUBSTITUTE(SUBSTITUTE(TRIM(SUBSTITUTE(SUBSTITUTE(SUBSTITUTE(C64," "," "),"HAANTJES CERTIFISC OUDENAARDE",""),"Haantjes CERTIFISC Oudenaarde",""))," Geel","")," Blauw","")," Groen",""),"Haantjes Certifisc Oudenaarde","")) -> G10
A65: Vic Vanden Hautte | B65: https://app.twizzit.com/public/photos/10733442/s/de71a0feaf3ea4a6afe343b706af319962bb20c0.jpeg | C65: G10 Blauw HAANTJES CERTIFISC OUDENAARDE | D65: =TRIM(SUBSTITUTE(SUBSTITUTE(SUBSTITUTE(SUBSTITUTE(TRIM(SUBSTITUTE(SUBSTITUTE(SUBSTITUTE(C65," "," "),"HAANTJES CERTIFISC OUDENAARDE",""),"Haantjes CERTIFISC Oudenaarde",""))," Geel","")," Blauw","")," Groen",""),"Haantjes Certifisc Oudenaarde","")) -> G10
A66: Nand Versmessen | B66: https://app.twizzit.com/public/photos/3447367/s/f6e635bb7022dfc6607d762d0f4b7b25a59a85c4.png | C66: G10 Blauw HAANTJES CERTIFISC OUDENAARDE | D66: =TRIM(SUBSTITUTE(SUBSTITUTE(SUBSTITUTE(SUBSTITUTE(TRIM(SUBSTITUTE(SUBSTITUTE(SUBSTITUTE(C66," "," "),"HAANTJES CERTIFISC OUDENAARDE",""),"Haantjes CERTIFISC Oudenaarde",""))," Geel","")," Blauw","")," Groen",""),"Haantjes Certifisc Oudenaarde","")) -> G10
A67: Matteo Vunck | B67: https://app.twizzit.com/public/photos/8418462/s/4cd851c617ea9849ca7ba85a62a0807b8b769b48.jpeg | C67: G10 Blauw HAANTJES CERTIFISC OUDENAARDE | D67: =TRIM(SUBSTITUTE(SUBSTITUTE(SUBSTITUTE(SUBSTITUTE(TRIM(SUBSTITUTE(SUBSTITUTE(SUBSTITUTE(C67," "," "),"HAANTJES CERTIFISC OUDENAARDE",""),"Haantjes CERTIFISC Oudenaarde",""))," Geel","")," Blauw","")," Groen",""),"Haantjes Certifisc Oudenaarde","")) -> G10
A68: Lenn Altruy | C68: G10 Geel HAANTJES CERTIFISC OUDENAARDE | D68: =TRIM(SUBSTITUTE(SUBSTITUTE(SUBSTITUTE(SUBSTITUTE(TRIM(SUBSTITUTE(SUBSTITUTE(SUBSTITUTE(C68," "," "),"HAANTJES CERTIFISC OUDENAARDE",""),"Haantjes CERTIFISC Oudenaarde",""))," Geel","")," Blauw","")," Groen",""),"Haantjes Certifisc Oudenaarde","")) -> G10
A69: Vic Blommaert | B69: https://app.twizzit.com/public/photos/7328384/s/880c055e18cd3fa9e57719da7306434e04eaf905.png | C69: G10 Geel HAANTJES CERTIFISC OUDENAARDE | D69: =TRIM(SUBSTITUTE(SUBSTITUTE(SUBSTITUTE(SUBSTITUTE(TRIM(SUBSTITUTE(SUBSTITUTE(SUBSTITUTE(C69," "," "),"HAANTJES CERTIFISC OUDENAARDE",""),"Haantjes CERTIFISC Oudenaarde",""))," Geel","")," Blauw","")," Groen",""),"Haantjes Certifisc Oudenaarde","")) -> G10
A70: Leon Castelain | B70: https://app.twizzit.com/public/photos/3486565/s/dbc5287e080bfa9acd16205b0ef6339800e0ffb6.png | C70: G10 Geel HAANTJES CERTIFISC OUDENAARDE | D70: =TRIM(SUBSTITUTE(SUBSTITUTE(SUBSTITUTE(SUBSTITUTE(TRIM(SUBSTITUTE(SUBSTITUTE(SUBSTITUTE(C70," "," "),"HAANTJES CERTIFISC OUDENAARDE",""),"Haantjes CERTIFISC Oudenaarde",""))," Geel","")," Blauw","")," Groen",""),"Haantjes Certifisc Oudenaarde","")) -> G10
A71: Nand Colpaert | C71: G10 Geel HAANTJES CERTIFISC OUDENAARDE | D71: =TRIM(SUBSTITUTE(SUBSTITUTE(SUBSTITUTE(SUBSTITUTE(TRIM(SUBSTITUTE(SUBSTITUTE(SUBSTITUTE(C71," "," "),"HAANTJES CERTIFISC OUDENAARDE",""),"Haantjes CERTIFISC Oudenaarde",""))," Geel","")," Blauw","")," Groen",""),"Haantjes Certifisc Oudenaarde","")) -> G10
A72: Ryan Debouverie | C72: G10 Geel HAANTJES CERTIFISC OUDENAARDE | D72: =TRIM(SUBSTITUTE(SUBSTITUTE(SUBSTITUTE(SUBSTITUTE(TRIM(SUBSTITUTE(SUBSTITUTE(SUBSTITUTE(C72," "," "),"HAANTJES CERTIFISC OUDENAARDE",""),"Haantjes CERTIFISC Oudenaarde",""))," Geel","")," Blauw","")," Groen",""),"Haantjes Certifisc Oudenaarde","")) -> G10
A73: Seb Debouverie | B73: https://app.twizzit.com/public/photos/3470113/s/d4f4d56826c6eb1d41480a49a2f8240682b337d2.png | C73: G10 Geel HAANTJES CERTIFISC OUDENAARDE | D73: =TRIM(SUBSTITUTE(SUBSTITUTE(SUBSTITUTE(SUBSTITUTE(TRIM(SUBSTITUTE(SUBSTITUTE(SUBSTITUTE(C73," "," "),"HAANTJES CERTIFISC OUDENAARDE",""),"Haantjes CERTIFISC Oudenaarde",""))," Geel","")," Blauw","")," Groen",""),"Haantjes Certifisc Oudenaarde","")) -> G10
A74: Miel Elyn | C74: G10 Geel HAANTJES CERTIFISC OUDENAARDE | D74: =TRIM(SUBSTITUTE(SUBSTITUTE(SUBSTITUTE(SUBSTITUTE(TRIM(SUBSTITUTE(SUBSTITUTE(SUBSTITUTE(C74," "," "),"HAANTJES CERTIFISC OUDENAARDE",""),"Haantjes CERTIFISC Oudenaarde",""))," Geel","")," Blauw","")," Groen",""),"Haantjes Certifisc Oudenaarde","")) -> G10
A75: Wolf Lessenne | B75: https://app.twizzit.com/public/photos/3580747/s/157853967ede68629434e8db7d36b6d860f7ea97.jpeg | C75: G10 Geel HAANTJES CERTIFISC OUDENAARDE | D75: =TRIM(SUBSTITUTE(SUBSTITUTE(SUBSTITUTE(SUBSTITUTE(TRIM(SUBSTITUTE(SUBSTITUTE(SUBSTITUTE(C75," "," "),"HAANTJES CERTIFISC OUDENAARDE",""),"Haantjes CERTIFISC Oudenaarde",""))," Geel","")," Blauw","")," Groen",""),"Haantjes Certifisc Oudenaarde","")) -> G10
A76: Boris Luyten | B76: https://app.twizzit.com/public/photos/3437308/s/ee02af9294d7823dae37d6eb7126b435ef764909.png | C76: G10 Geel HAANTJES CERTIFISC OUDENAARDE | D76: =TRIM(SUBSTITUTE(SUBSTITUTE(SUBSTITUTE(SUBSTITUTE(TRIM(SUBSTITUTE(SUBSTITUTE(SUBSTITUTE(C76," "," "),"HAANTJES CERTIFISC OUDENAARDE",""),"Haantjes CERTIFISC Oudenaarde",""))," Geel","")," Blauw","")," Groen",""),"Haantjes Certifisc Oudenaarde","")) -> G10
A77: Jack Saerens | B77: https://app.twizzit.com/public/photos/3475134/s/78bd944a9e8b36fe65d592312d1522f18bbf3e32.png | C77: G10 Geel HAANTJES CERTIFISC OUDENAARDE | D77: =TRIM(SUBSTITUTE(SUBSTITUTE(SUBSTITUTE(SUBSTITUTE(TRIM(SUBSTITUTE(SUBSTITUTE(SUBSTITUTE(C77," "," "),"HAANTJES CERTIFISC OUDENAARDE",""),"Haantjes CERTIFISC Oudenaarde",""))," Geel","")," Blauw","")," Groen",""),"Haantjes Certifisc Oudenaarde","")) -> G10
A78: Lias Velghe | B78: https://app.twizzit.com/public/photos/3445768/s/4c884b157432a6deaaa18542df061bd432646fa3.png | C78: G10 Geel HAANTJES CERTIFISC OUDENAARDE | D78: =TRIM(SUBSTITUTE(SUBSTITUTE(SUBSTITUTE(SUBSTITUTE(TRIM(SUBSTITUTE(SUBSTITUTE(SUBSTITUTE(C78," "," "),"HAANTJES CERTIFISC OUDENAARDE",""),"Haantjes CERTIFISC Oudenaarde",""))," Geel","")," Blauw","")," Groen",""),"Haantjes Certifisc Oudenaarde","")) -> G10
A79: Basile Verbrugghe | C79: G10 Geel HAANTJES CERTIFISC OUDENAARDE | D79: =TRIM(SUBSTITUTE(SUBSTITUTE(SUBSTITUTE(SUBSTITUTE(TRIM(SUBSTITUTE(SUBSTITUTE(SUBSTITUTE(C79," "," "),"HAANTJES CERTIFISC OUDENAARDE",""),"Haantjes CERTIFISC Oudenaarde",""))," Geel","")," Blauw","")," Groen",""),"Haantjes Certifisc Oudenaarde","")) -> G10
A80: Gaston Waelkens | B80: https://app.twizzit.com/public/photos/3437289/s/570cbbb3ba40336fabf43491384c678cfbbf4db4.png | C80: G10 Geel HAANTJES CERTIFISC OUDENAARDE | D80: =TRIM(SUBSTITUTE(SUBSTITUTE(SUBSTITUTE(SUBSTITUTE(TRIM(SUBSTITUTE(SUBSTITUTE(SUBSTITUTE(C80," "," "),"HAANTJES CERTIFISC OUDENAARDE",""),"Haantjes CERTIFISC Oudenaarde",""))," Geel","")," Blauw","")," Groen",""),"Haantjes Certifisc Oudenaarde","")) -> G10
A81: Arsen Anar | B81: https://app.twizzit.com/public/photos/11272034/s/339c8f61eeb207a0a7ef82edab3f88fc90d76b77.jpeg | C81: G12 Blauw HAANTJES CERTIFISC OUDENAARDE | D81: =TRIM(SUBSTITUTE(SUBSTITUTE(SUBSTITUTE(SUBSTITUTE(TRIM(SUBSTITUTE(SUBSTITUTE(SUBSTITUTE(C81," "," "),"HAANTJES CERTIFISC OUDENAARDE",""),"Haantjes CERTIFISC Oudenaarde",""))," Geel","")," Blauw","")," Groen",""),"Haantjes Certifisc Oudenaarde","")) -> G12
A82: Mark Anar | B82: https://app.twizzit.com/public/photos/11272030/s/d97169c55e4278dd5f5452138091d993430ca8ab.jpeg | C82: G12 Blauw HAANTJES CERTIFISC OUDENAARDE | D82: =TRIM(SUBSTITUTE(SUBSTITUTE(SUBSTITUTE(SUBSTITUTE(TRIM(SUBSTITUTE(SUBSTITUTE(SUBSTITUTE(C82," "," "),"HAANTJES CERTIFISC OUDENAARDE",""),"Haantjes CERTIFISC Oudenaarde",""))," Geel","")," Blauw","")," Groen",""),"Haantjes Certifisc Oudenaarde","")) -> G12
A83: Marsel Anar | B83: https://app.twizzit.com/public/photos/11272039/s/667db68e153309a064042452d0f619e8acb011fa.jpeg | C83: G12 Blauw HAANTJES CERTIFISC OUDENAARDE | D83: =TRIM(SUBSTITUTE(SUBSTITUTE(SUBSTITUTE(SUBSTITUTE(TRIM(SUBSTITUTE(SUBSTITUTE(SUBSTITUTE(C83," "," "),"HAANTJES CERTIFISC OUDENAARDE",""),"Haantjes CERTIFISC Oudenaarde",""))," Geel","")," Blauw","")," Groen",""),"Haantjes Certifisc Oudenaarde","")) -> G12
A84: Mathias Delcroix | C84: G12 Blauw HAANTJES CERTIFISC OUDENAARDE | D84: =TRIM(SUBSTITUTE(SUBSTITUTE(SUBSTITUTE(SUBSTITUTE(TRIM(SUBSTITUTE(SUBSTITUTE(SUBSTITUTE(C84," "," "),"HAANTJES CERTIFISC OUDENAARDE",""),"Haantjes CERTIFISC Oudenaarde",""))," Geel","")," Blauw","")," Groen",""),"Haantjes Certifisc Oudenaarde","")) -> G12
A85: Kenneth Dhont | C85: G12 Blauw HAANTJES CERTIFISC OUDENAARDE | D85: =TRIM(SUBSTITUTE(SUBSTITUTE(SUBSTITUTE(SUBSTITUTE(TRIM(SUBSTITUTE(SUBSTITUTE(SUBSTITUTE(C85," "," "),"HAANTJES CERTIFISC OUDENAARDE",""),"Haantjes CERTIFISC Oudenaarde",""))," Geel","")," Blauw","")," Groen",""),"Haantjes Certifisc Oudenaarde","")) -> G12
A86: Lou Geenens | B86: https://app.twizzit.com/public/photos/10377574/s/62e9c970b54f4ce753f6fe1b02a81459ce0f4576.png | C86: G12 Blauw HAANTJES CERTIFISC OUDENAARDE | D86: =TRIM(SUBSTITUTE(SUBSTITUTE(SUBSTITUTE(SUBSTITUTE(TRIM(SUBSTITUTE(SUBSTITUTE(SUBSTITUTE(C86," "," "),"HAANTJES CERTIFISC OUDENAARDE",""),"Haantjes CERTIFISC Oudenaarde",""))," Geel","")," Blauw","")," Groen",""),"Haantjes Certifisc Oudenaarde","")) -> G12
A87: Lowie Malfait | C87: G12 Blauw HAANTJES CERTIFISC OUDENAARDE | D87: =TRIM(SUBSTITUTE(SUBSTITUTE(SUBSTITUTE(SUBSTITUTE(TRIM(SUBSTITUTE(SUBSTITUTE(SUBSTITUTE(C87," "," "),"HAANTJES CERTIFISC OUDENAARDE",""),"Haantjes CERTIFISC Oudenaarde",""))," Geel","")," Blauw","")," Groen",""),"Haantjes Certifisc Oudenaarde","")) -> G12
A88: Omer Nachtergaele | B88: https://app.twizzit.com/public/photos/3526587/s/d9cd2de281e5d48997de87a634d3e25b996ae478.png | C88: G12 Blauw HAANTJES CERTIFISC OUDENAARDE | D88: =TRIM(SUBSTITUTE(SUBSTITUTE(SUBSTITUTE(SUBSTITUTE(TRIM(SUBSTITUTE(SUBSTITUTE(SUBSTITUTE(C88," "," "),"HAANTJES CERTIFISC OUDENAARDE",""),"Haantjes CERTIFISC Oudenaarde",""))," Geel","")," Blauw","")," Groen",""),"Haantjes Certifisc Oudenaarde","")) -> G12
A89: Maxime Van Herpe | C89: G12 Blauw HAANTJES CERTIFISC OUDENAARDE | D89: =TRIM(SUBSTITUTE(SUBSTITUTE(SUBSTITUTE(SUBSTITUTE(TRIM(SUBSTITUTE(SUBSTITUTE(SUBSTITUTE(C89," "," "),"HAANTJES CERTIFISC OUDENAARDE",""),"Haantjes CERTIFISC Oudenaarde",""))," Geel","")," Blauw","")," Groen",""),"Haantjes Certifisc Oudenaarde","")) -> G12
A90: Lucas Vanderstraeten | B90: https://app.twizzit.com/public/photos/3447788/s/a21b510884c5e068d9fd07894f967e10ecef7568.png | C90: G12 Blauw HAANTJES CERTIFISC OUDENAARDE | D90: =TRIM(SUBSTITUTE(SUBSTITUTE(SUBSTITUTE(SUBSTITUTE(TRIM(SUBSTITUTE(SUBSTITUTE(SUBSTITUTE(C90," "," "),"HAANTJES CERTIFISC OUDENAARDE",""),"Haantjes CERTIFISC Oudenaarde",""))," Geel","")," Blauw","")," Groen",""),"Haantjes Certifisc Oudenaarde","")) -> G12
A91: Nathan Vermassen | C91: G12 Blauw HAANTJES CERTIFISC OUDENAARDE | D91: =TRIM(SUBSTITUTE(SUBSTITUTE(SUBSTITUTE(SUBSTITUTE(TRIM(SUBSTITUTE(SUBSTITUTE(SUBSTITUTE(C91," "," "),"HAANTJES CERTIFISC OUDENAARDE",""),"Haantjes CERTIFISC Oudenaarde",""))," Geel","")," Blauw","")," Groen",""),"Haantjes Certifisc Oudenaarde","")) -> G12
A92: Niels De Lepeleire | C92: G12 Geel HAANTJES CERTIFISC OUDENAARDE | D92: =TRIM(SUBSTITUTE(SUBSTITUTE(SUBSTITUTE(SUBSTITUTE(TRIM(SUBSTITUTE(SUBSTITUTE(SUBSTITUTE(C92," "," "),"HAANTJES CERTIFISC OUDENAARDE",""),"Haantjes CERTIFISC Oudenaarde",""))," Geel","")," Blauw","")," Groen",""),"Haantjes Certifisc Oudenaarde","")) -> G12
A93: Omer Demets | C93: G12 Geel HAANTJES CERTIFISC OUDENAARDE | D93: =TRIM(SUBSTITUTE(SUBSTITUTE(SUBSTITUTE(SUBSTITUTE(TRIM(SUBSTITUTE(SUBSTITUTE(SUBSTITUTE(C93," "," "),"HAANTJES CERTIFISC OUDENAARDE",""),"Haantjes CERTIFISC Oudenaarde",""))," Geel","")," Blauw","")," Groen",""),"Haantjes Certifisc Oudenaarde","")) -> G12
A94: Vinke Derycke | C94: G12 Geel HAANTJES CERTIFISC OUDENAARDE | D94: =TRIM(SUBSTITUTE(SUBSTITUTE(SUBSTITUTE(SUBSTITUTE(TRIM(SUBSTITUTE(SUBSTITUTE(SUBSTITUTE(C94," "," "),"HAANTJES CERTIFISC OUDENAARDE",""),"Haantjes CERTIFISC Oudenaarde",""))," Geel","")," Blauw","")," Groen",""),"Haantjes Certifisc Oudenaarde","")) -> G12
A95: Thor Lessenne | B95: https://app.twizzit.com/public/photos/4393791/s/f227f8ddb169feb6dded4f508fa8f0a8d6bc3bc4.jpeg | C95: G12 Geel HAANTJES CERTIFISC OUDENAARDE | D95: =TRIM(SUBSTITUTE(SUBSTITUTE(SUBSTITUTE(SUBSTITUTE(TRIM(SUBSTITUTE(SUBSTITUTE(SUBSTITUTE(C95," "," "),"HAANTJES CERTIFISC OUDENAARDE",""),"Haantjes CERTIFISC Oudenaarde",""))," Geel","")," Blauw","")," Groen",""),"Haantjes Certifisc Oudenaarde","")) -> G12
A96: Mathieu Libert | C96: G12 Geel HAANTJES CERTIFISC OUDENAARDE | D96: =TRIM(SUBSTITUTE(SUBSTITUTE(SUBSTITUTE(SUBSTITUTE(TRIM(SUBSTITUTE(SUBSTITUTE(SUBSTITUTE(C96," "," "),"HAANTJES CERTIFISC OUDENAARDE",""),"Haantjes CERTIFISC Oudenaarde",""))," Geel","")," Blauw","")," Groen",""),"Haantjes Certifisc Oudenaarde","")) -> G12
A97: Emiel Opsomer | C97: G12 Geel HAANTJES CERTIFISC OUDENAARDE | D97: =TRIM(SUBSTITUTE(SUBSTITUTE(SUBSTITUTE(SUBSTITUTE(TRIM(SUBSTITUTE(SUBSTITUTE(SUBSTITUTE(C97," "," "),"HAANTJES CERTIFISC OUDENAARDE",""),"Haantjes CERTIFISC Oudenaarde",""))," Geel","")," Blauw","")," Groen",""),"Haantjes Certifisc Oudenaarde","")) -> G12
A98: Brent Pollet | B98: https://app.twizzit.com/public/photos/3454870/s/e7fdcf5140d5e910d15662f873e9aafb78eb7d4f.jpeg | C98: G12 Geel HAANTJES CERTIFISC OUDENAARDE | D98: =TRIM(SUBSTITUTE(SUBSTITUTE(SUBSTITUTE(SUBSTITUTE(TRIM(SUBSTITUTE(SUBSTITUTE(SUBSTITUTE(C98," "," "),"HAANTJES CERTIFISC OUDENAARDE",""),"Haantjes CERTIFISC Oudenaarde",""))," Geel","")," Blauw","")," Groen",""),"Haantjes Certifisc Oudenaarde","")) -> G12
A99: Jerome Van de Weghe | C99: G12 Geel HAANTJES CERTIFISC OUDENAARDE | D99: =TRIM(SUBSTITUTE(SUBSTITUTE(SUBSTITUTE(SUBSTITUTE(TRIM(SUBSTITUTE(SUBSTITUTE(SUBSTITUTE(C99," "," "),"HAANTJES CERTIFISC OUDENAARDE",""),"Haantjes CERTIFISC Oudenaarde",""))," Geel","")," Blauw","")," Groen",""),"Haantjes Certifisc Oudenaarde","")) -> G12
A100: Ilias Vander Beken | B100: https://app.twizzit.com/public/photos/9469457/s/eb40348dfb8a2c0c9b13e74dd04369019dbd2f32.jpeg | C100: G12 Geel HAANTJES CERTIFISC OUDENAARDE | D100: =TRIM(SUBSTITUTE(SUBSTITUTE(SUBSTITUTE(SUBSTITUTE(TRIM(SUBSTITUTE(SUBSTITUTE(SUBSTITUTE(C100," "," "),"HAANTJES CERTIFISC OUDENAARDE",""),"Haantjes CERTIFISC Oudenaarde",""))," Geel","")," Blauw","")," Groen",""),"Haantjes Certifisc Oudenaarde","")) -> G12
...

Sheet Jeugdrefs
A1: Naam | B1: Profielfoto | C1: Ploeg | D1: TEAM
A2: {=_xlfn._xlws.FILTER('Naam-Foto-Ploeg'!A2:D394,((ISNUMBER(SEARCH("G08",'Naam-Foto-Ploeg'!D2:D394))+ISNUMBER(SEARCH("G10",'Naam-Foto-Ploeg'!D2:D394))+ISNUMBER(SEARCH("G12",'Naam-Foto-Ploeg'!D2:D394))+ISNUMBER(SEARCH("Balschool",'Naam-Foto-Ploeg'!D2:D394))+ISNUMBER(SEARCH("Zomerstage",'Naam-Foto-Ploeg'!D2:D394))+ISNUMBER(SEARCH("M10",'Naam-Foto-Ploeg'!D2:D394)))=0)+('Sorted by Team'!G2:G394="Coach")>0)} -> Lily Adam | B2: https://app.twizzit.com/public/photos/2182441/s/eec7946e1a9e80461f26752840c4aedc7d235bab.jpeg | C2: DSE A Haantjes Certifisc Oudenaarde | D2: DSE A
A3: Janna Bauters | B3: https://app.twizzit.com/public/photos/2182476/s/d120dcfc0ec82f0d803829f917b4287681f3dd01.png | C3: DSE A Haantjes Certifisc Oudenaarde | D3: DSE A
A4: Marie Bourdeaud'hui | B4: https://app.twizzit.com/public/photos/2182516/s/0d7291570c9e5cf142cd892c8fd7ace8c517270a.png | C4: DSE A Haantjes Certifisc Oudenaarde | D4: DSE A
A5: Aishatu Lieve Buadee | C5: DSE A Haantjes Certifisc Oudenaarde | D5: DSE A
A6: Iris Calewaert | C6: DSE A Haantjes Certifisc Oudenaarde | D6: DSE A
A7: Bart Cattoir | C7: DSE A Haantjes Certifisc Oudenaarde | D7: DSE A
A8: Alice Cokelaere | C8: DSE A Haantjes Certifisc Oudenaarde | D8: DSE A
A9: Karen Dans | B9: https://app.twizzit.com/public/photos/2182586/s/3c061ecaa7eb60b4e8b27f2490fa3fff24778b0c.png | C9: DSE A Haantjes Certifisc Oudenaarde | D9: DSE A
A10: Kimberley De Smet | B10: https://app.twizzit.com/public/photos/2182696/s/b3404003062e85e1b45f5fca9b0565fe70029286.png | C10: DSE A Haantjes Certifisc Oudenaarde | D10: DSE A
A11: Heike Guenter | C11: DSE A Haantjes Certifisc Oudenaarde | D11: DSE A
A12: Lente Verhaeghe | B12: https://app.twizzit.com/public/photos/3706826/s/7283d518f82547e0fb530790cddedb0edf0a5785.jpeg | C12: DSE A Haantjes Certifisc Oudenaarde | D12: DSE A
A13: Jonah Cattoir | C13: G08 Geel HAANTJES CERTIFISC OUDENAARDE | D13: G08
A14: Debbie Verhelst | C14: G08 Geel HAANTJES CERTIFISC OUDENAARDE | D14: G08
A15: Charlotte Verschueren | B15: https://app.twizzit.com/public/photos/2183447/s/1f201bfdf86762e0642c70c1aa487baf5ab852bb.png | C15: G08 Groen HAANTJES CERTIFISC OUDENAARDE | D15: G08
A16: Marte Mechant | C16: G10 Blauw HAANTJES CERTIFISC OUDENAARDE | D16: G10
A17: Ryan Debouverie | C17: G10 Geel HAANTJES CERTIFISC OUDENAARDE | D17: G10
A18: Kenneth Dhont | C18: G12 Blauw HAANTJES CERTIFISC OUDENAARDE | D18: G12
A19: Niels De Lepeleire | C19: G12 Geel HAANTJES CERTIFISC OUDENAARDE | D19: G12
A20: Kledion Alia | B20: https://app.twizzit.com/public/photos/2650601/s/f885f644ea63bcfe0579c08cf537df8dcbb43ecc.png | C20: G14 A Haantjes CERTIFISC Oudenaarde | D20: G14 A
A21: Jules Dekkar | B21: https://app.twizzit.com/public/photos/3451601/s/35fd5f537189934e8013cbeb18029ae3e97fcdcc.jpeg | C21: G14 A Haantjes CERTIFISC Oudenaarde | D21: G14 A
A22: Jules Dewilde | C22: G14 A Haantjes CERTIFISC Oudenaarde | D22: G14 A
A23: Kobe Espeel | C23: G14 A Haantjes CERTIFISC Oudenaarde | D23: G14 A
A24: Lennert Huys | C24: G14 A Haantjes CERTIFISC Oudenaarde | D24: G14 A
A25: Filip L'Hommelet | C25: G14 A Haantjes CERTIFISC Oudenaarde | D25: G14 A
A26: Leon L'Hommelet | C26: G14 A Haantjes CERTIFISC Oudenaarde | D26: G14 A
A27: Ruube Lagae | C27: G14 A Haantjes CERTIFISC Oudenaarde | D27: G14 A
A28: Nathan Maenhout | B28: https://app.twizzit.com/public/photos/9359547/s/0986374ba59a462685344af411da25079641e82d.jpeg | C28: G14 A Haantjes CERTIFISC Oudenaarde | D28: G14 A
A29: Jules Ternoot | B29: https://app.twizzit.com/public/photos/9499964/s/ff5f984b647838e4bd7563b356e5c206230b1763.jpeg | C29: G14 A Haantjes CERTIFISC Oudenaarde | D29: G14 A
A30: Mattis Van Assche | B30: https://app.twizzit.com/public/photos/2183242/s/024b94ee0589d7797c4da7bd2e98266bcdb2677a.png | C30: G14 A Haantjes CERTIFISC Oudenaarde | D30: G14 A
A31: Edouard Van de Weghe | C31: G14 A Haantjes CERTIFISC Oudenaarde | D31: G14 A
A32: Matz Vermeerschen | C32: G14 A Haantjes CERTIFISC Oudenaarde | D32: G14 A
A33: Kors Altruy | C33: G14 B Haantjes CERTIFISC Oudenaarde | D33: G14 B
A34: Matisse Buda Meirlaen | B34: https://app.twizzit.com/public/photos/7666112/s/28beee7a2b02560648d49ec2140a1cc079666b2a.png | C34: G14 B Haantjes CERTIFISC Oudenaarde | D34: G14 B
A35: Niklas Creteur | C35: G14 B Haantjes CERTIFISC Oudenaarde | D35: G14 B
A36: Mauro Darragas | C36: G14 B Haantjes CERTIFISC Oudenaarde | D36: G14 B
A37: Arthur Debisschop | C37: G14 B Haantjes CERTIFISC Oudenaarde | D37: G14 B
A38: Alexis Devos | B38: https://app.twizzit.com/public/photos/6106676/s/2ae43246aa8142b23f5743a7efbb9e280e512170.png | C38: G14 B Haantjes CERTIFISC Oudenaarde | D38: G14 B
A39: Oben Godpower | C39: G14 B Haantjes CERTIFISC Oudenaarde | D39: G14 B
A40: Tuur Goossens | C40: G14 B Haantjes CERTIFISC Oudenaarde | D40: G14 B
A41: Steppe Matthys | B41: https://app.twizzit.com/public/photos/10488364/s/177c95b9932dcdda23e09eda7b0298c34ca94551.jpeg | C41: G14 B Haantjes CERTIFISC Oudenaarde | D41: G14 B
A42: Mauro Van Sande | B42: https://app.twizzit.com/public/photos/2650608/s/9cebeb89f0d68fff18c1faf3be6be5621d757adb.png | C42: G14 B Haantjes CERTIFISC Oudenaarde | D42: G14 B
A43: Viek Verhoeyen | C43: G14 B Haantjes CERTIFISC Oudenaarde | D43: G14 B
A44: Mauro Vermassen | C44: G14 B Haantjes CERTIFISC Oudenaarde | D44: G14 B
A45: Jules Cokelaere | C45: HSE C Haantjes Certifisc Oudenaarde | D45: HSE C
A46: Louis De Baere | C46: HSE C Haantjes Certifisc Oudenaarde | D46: HSE C
A47: Camiel De Clercq | C47: HSE C Haantjes Certifisc Oudenaarde | D47: HSE C
A48: Robbe De Clercq | C48: HSE C Haantjes Certifisc Oudenaarde | D48: HSE C
A49: Siebe De Meyer | C49: HSE C Haantjes Certifisc Oudenaarde | D49: HSE C
A50: Ryan Debouverie | C50: HSE C Haantjes Certifisc Oudenaarde | D50: HSE C
A51: Quentin Debruyne | C51: HSE C Haantjes Certifisc Oudenaarde | D51: HSE C
A52: Jarno Dhont | C52: HSE C Haantjes Certifisc Oudenaarde | D52: HSE C
A53: Mathis Dhont | C53: HSE C Haantjes Certifisc Oudenaarde | D53: HSE C
A54: Joël Peeters | C54: HSE C Haantjes Certifisc Oudenaarde | D54: HSE C
... A71: Sofian D'Haenen | C71: HSE B Haantjes Certifisc Oudenaarde | D71: HSE B
A72: David De Brabander | B72: https://app.twizzit.com/public/photos/4024795/s/7af12ff114d5d53515b4f220ddc6cdb6ff121519.png | C72: HSE B Haantjes Certifisc Oudenaarde | D72: HSE B
A73: Milan De Brabander | B73: https://app.twizzit.com/public/photos/3519915/s/cb4bbdba90c700302dcd9548901e284ce021df92.jpeg | C73: HSE B Haantjes Certifisc Oudenaarde | D73: HSE B
A74: Mathieu De Clercq | C74: HSE B Haantjes Certifisc Oudenaarde | D74: HSE B
A75: Ryan Debouverie | C75: HSE B Haantjes Certifisc Oudenaarde | D75: HSE B
A76: Yves Bellard Giriteka | C76: HSE B Haantjes Certifisc Oudenaarde | D76: HSE B
A77: Thomas Goossens | B77: https://app.twizzit.com/public/photos/2182921/s/d5ec4bbccbaf575bfa3a597df60827a1e6809d4b.png | C77: HSE B Haantjes Certifisc Oudenaarde | D77: HSE B
A78: Sander Hakuzimana | C78: HSE B Haantjes Certifisc Oudenaarde | D78: HSE B
A79: Arno Heyerick | C79: HSE B Haantjes Certifisc Oudenaarde | D79: HSE B
A80: Vic Huysman | B80: https://app.twizzit.com/public/photos/2936186/s/c4015a6cfb380c1e7090d66488ca6326fa9caa7a.png | C80: HSE B Haantjes Certifisc Oudenaarde | D80: HSE B
A81: Aleksandr Kazmenko | C81: HSE B Haantjes Certifisc Oudenaarde | D81: HSE B
A82: Brecht Van Glabeke | C82: HSE B Haantjes Certifisc Oudenaarde | D82: HSE B
A83: Thomas Viaene | C83: HSE B Haantjes Certifisc Oudenaarde | D83: HSE B
A84: Torre Beeckman | B84: https://app.twizzit.com/public/photos/2182491/s/9cf26edd91096e59f19c665e2f0a4528adc17aa7.png | C84: J16 A Haantjes CERTIFISC Oudenaarde | D84: J16 A
A85: Liam Bufkens | C85: J16 A Haantjes CERTIFISC Oudenaarde | D85: J16 A
A86: Jonah Cattoir | C86: J16 A Haantjes CERTIFISC Oudenaarde | D86: J16 A
A87: Tibo Despriet | B87: https://app.twizzit.com/public/photos/3884890/s/99828396af5826db82003655528894a4f299045f.jpeg | C87: J16 A Haantjes CERTIFISC Oudenaarde | D87: J16 A
A88: Nathan Dewaele | B88: https://app.twizzit.com/public/photos/2182816/s/c00a73a61de05b1991d5eac8f8ad498e97a90e40.png | C88: J16 A Haantjes CERTIFISC Oudenaarde | D88: J16 A
A89: Basiel Genbrugge | B89: https://app.twizzit.com/public/photos/8579142/s/db8d4000b96831e0c69a1f9ee9bb0955ce673dba.png | C89: J16 A Haantjes CERTIFISC Oudenaarde | D89: J16 A
A90: Briek Goossens | C90: J16 A Haantjes CERTIFISC Oudenaarde | D90: J16 A
A91: Viktor L’Hommelet | C91: J16 A Haantjes CERTIFISC Oudenaarde | D91: J16 A
A92: Kasper Mees | B92: https://app.twizzit.com/public/photos/2183112/s/07942e4161d7a20864d1fbcf54b9a6dda331637e.png | C92: J16 A Haantjes CERTIFISC Oudenaarde | D92: J16 A
A93: Gust Ottevaere | C93: J16 A Haantjes CERTIFISC Oudenaarde | D93: J16 A
A94: Anoek Van Caeneghem | B94: https://app.twizzit.com/public/photos/11917018/s/e098521fbafba2a80a9ddb8d7c06f83cdbae52a9.png | C94: J16 A Haantjes CERTIFISC Oudenaarde | D94: J16 A
A95: Joao Arickx | C95: J16 B Haantjes CERTIFISC Oudenaarde | D95: J16 B
A96: Jasper Baert | B96: https://app.twizzit.com/public/photos/2650780/s/77c3f1ac992ce48307c6c7ab431ab89e2bd37774.png | C96: J16 B Haantjes CERTIFISC Oudenaarde | D96: J16 B
A97: Emile Berkvens | B97: https://app.twizzit.com/public/photos/2650778/s/15d2f475817dbbc2474d7d1a8b8b6a06ed3f6c72.png | C97: J16 B Haantjes CERTIFISC Oudenaarde | D97: J16 B
A98: Len De Coussemaker | B98: https://app.twizzit.com/public/photos/2182636/s/ac8133dfa6021f95e4cb86240c3d9e68218f8a83.png | C98: J16 B Haantjes CERTIFISC Oudenaarde | D98: J16 B
A99: Niels De Lepeleire | C99: J16 B Haantjes CERTIFISC Oudenaarde | D99: J16 B
A100: Emmanuel Dull | C100: J16 B Haantjes CERTIFISC Oudenaarde | D100: J16 B
A101: Victor Geiregat | C101: J16 B Haantjes CERTIFISC Oudenaarde | D101: J16 B
A102: Alexander Libert | C102: J16 B Haantjes CERTIFISC Oudenaarde | D102: J16 B
A103: Jean-Reno Neyrinck | B103: https://app.twizzit.com/public/photos/3543437/s/4b4d34aba7c38171a5f39885d89d2a702bb4c5c8.jpeg | C103: J16 B Haantjes CERTIFISC Oudenaarde | D103: J16 B
A104: Maro Thas | B104: https://app.twizzit.com/public/photos/3451572/s/f7bd7e0dc5dd014e64108bf9fe43059bbb6a9a41.png | C104: J16 B Haantjes CERTIFISC Oudenaarde | D104: J16 B
A105: Kobe Vandaele | C105: J16 B Haantjes CERTIFISC Oudenaarde | D105: J16 B
A106: Lukas Vandemaele | C106: J16 B Haantjes CERTIFISC Oudenaarde | D106: J16 B
A107: Mats Verstraeten | C107: J16 B Haantjes CERTIFISC Oudenaarde | D107: J16 B
A108: Matti Bogaert | C108: J18 A Haantjes CERTIFISC Oudenaarde | D108: J18 A
A109: Sofian D'Haenen | C109: J18 A Haantjes CERTIFISC Oudenaarde | D109: J18 A
A110: Yunus D'Haenen | C110: J18 A Haantjes CERTIFISC Oudenaarde | D110: J18 A
A111: David De Brabander | B111: https://app.twizzit.com/public/photos/4024795/s/7af12ff114d5d53515b4f220ddc6cdb6ff121519.png | C111: J18 A Haantjes CERTIFISC Oudenaarde | D111: J18 A
A112: Milan De Brabander | B112: https://app.twizzit.com/public/photos/3519915/s/cb4bbdba90c700302dcd9548901e284ce021df92.jpeg | C112: J18 A Haantjes CERTIFISC Oudenaarde | D112: J18 A
A113: Emile-Louis De Windt | B113: https://app.twizzit.com/public/photos/3463928/s/65ba284a6aa8f67e5b08f396e397206e4afd6e82.png | C113: J18 A Haantjes CERTIFISC Oudenaarde | D113: J18 A
A114: Jasper Espeel | C114: J18 A Haantjes CERTIFISC Oudenaarde | D114: J18 A
A115: Vic Huysman | B115: https://app.twizzit.com/public/photos/2936186/s/c4015a6cfb380c1e7090d66488ca6326fa9caa7a.png | C115: J18 A Haantjes CERTIFISC Oudenaarde | D115: J18 A
A116: Rayan Lebrouchi Poddubnaya | C116: J18 A Haantjes CERTIFISC Oudenaarde | D116: J18 A
...
